,Symbol,Series,Date,Prev_Close,Open_Price,High_Price,Low_Price,Last_Price,Close_Price,Average_Price,Total_Traded_Quantity,Turnover,No_of_Trades,Deliverable_Qty,Percent_Dly_Qt_to_Traded_Qty,Date_Month,Date_Year,Day_Perc_Change,Trend
1,MUTHOOTFIN,NB,2017-05-15,1750.0,1750.0,1750.0,1750.0,1750.0,1750.0,1750.0,50,87500.0,1,50,100.0,5,2017,0.0,Slight
3,MUTHOOTFIN,N9,2017-05-16,1015.97,1010.0,1010.0,1010.0,1010.0,1010.0,1010.0,11,11110.0,1,11,100.0,5,2017,-0.4228571428571428,Slight
4,MUTHOOTFIN,NB,2017-05-16,1750.0,1750.0,1750.0,1750.0,1750.0,1750.0,1750.0,7,12250.0,1,7,100.0,5,2017,0.7326732673267327,Slight positive
5,MUTHOOTFIN,NC,2017-05-16,1905.03,1910.0,1910.0,1908.01,1909.0,1909.0,1908.57,95,181314.47,10,90,94.74,5,2017,0.09085714285714275,Slight
7,MUTHOOTFIN,N9,2017-05-17,1010.0,1015.0,1015.0,1001.0,1005.0,1005.0,1009.64,93,93896.1,8,73,78.49,5,2017,-0.4735463593504453,Slight
9,MUTHOOTFIN,N9,2017-05-18,1005.0,1016.0,1016.0,1001.51,1005.0,1005.0,1015.55,620,629638.1,15,610,98.39,5,2017,0.0,Slight
11,MUTHOOTFIN,NF,2017-05-19,889.0,890.03,890.03,890.03,890.03,890.03,890.03,110,97903.3,1,110,100.0,5,2017,-0.11439800995024874,Slight
13,MUTHOOTFIN,N9,2017-05-22,1005.0,1005.0,1005.0,1004.85,1004.85,1004.85,1004.98,40,40199.2,5,40,100.0,5,2017,0.1290068874082897,Slight
14,MUTHOOTFIN,NB,2017-05-22,1750.0,1710.11,1750.0,1710.11,1750.0,1750.0,1728.36,85,146910.75,7,56,65.88,5,2017,0.7415534656913967,Slight positive
15,MUTHOOTFIN,NC,2017-05-22,1909.0,1910.0,1910.1,1910.0,1910.1,1910.1,1910.03,109,208193.4,5,109,100.0,5,2017,0.09148571428571417,Slight
17,MUTHOOTFIN,N9,2017-05-23,1004.85,1004.8,1004.8,1004.8,1004.8,1004.8,1004.8,45,45216.0,2,45,100.0,5,2017,-0.47395424323333857,Slight
18,MUTHOOTFIN,NB,2017-05-23,1750.0,1755.0,1755.0,1755.0,1755.0,1755.0,1755.0,80,140400.0,6,80,100.0,5,2017,0.7466162420382167,Slight positive
20,MUTHOOTFIN,NB,2017-05-24,1755.0,1755.0,1755.0,1755.0,1755.0,1755.0,1755.0,18,31590.0,2,18,100.0,5,2017,0.0,Slight
22,MUTHOOTFIN,N9,2017-05-25,1004.8,1004.0,1004.0,1004.0,1004.0,1004.0,1004.0,83,83332.0,1,83,100.0,5,2017,-0.4279202279202279,Slight
23,MUTHOOTFIN,NC,2017-05-25,1910.1,1910.0,1910.0,1910.0,1910.0,1910.0,1910.0,50,95500.0,1,50,100.0,5,2017,0.902390438247012,Slight positive
24,MUTHOOTFIN,NF,2017-05-25,890.03,990.05,990.05,990.05,990.05,990.05,990.05,10,9900.5,1,10,100.0,5,2017,-0.4816492146596859,Slight
26,MUTHOOTFIN,N9,2017-05-26,1004.0,1001.01,1001.01,1001.01,1001.01,1001.01,1001.01,10,10010.1,1,10,100.0,5,2017,0.011070147972324751,Slight
27,MUTHOOTFIN,NB,2017-05-26,1755.0,1715.1,1752.0,1715.05,1752.0,1752.0,1725.63,42,72476.5,5,32,76.19,5,2017,0.750232265411934,Slight positive
28,MUTHOOTFIN,NC,2017-05-26,1910.0,1906.0,1910.0,1906.0,1910.0,1910.0,1906.05,81,154390.0,2,81,100.0,5,2017,0.09018264840182644,Slight
30,MUTHOOTFIN,NB,2017-05-29,1752.0,1745.0,1745.0,1745.0,1745.0,1745.0,1745.0,10,17450.0,1,10,100.0,5,2017,-0.08638743455497377,Slight
31,MUTHOOTFIN,NF,2017-05-29,990.05,990.0,990.0,990.0,990.0,990.0,990.0,10,9900.0,1,10,100.0,5,2017,-0.4326647564469914,Slight
33,MUTHOOTFIN,NB,2017-05-30,1745.0,1745.0,1745.0,1745.0,1745.0,1745.0,1745.0,20,34900.0,1,20,100.0,5,2017,0.7626262626262625,Slight positive
35,MUTHOOTFIN,NB,2017-05-31,1745.0,1746.0,1746.0,1745.0,1745.0,1745.0,1745.18,17,29668.0,2,17,100.0,5,2017,0.0,Slight
36,MUTHOOTFIN,NC,2017-05-31,1910.0,1905.11,1905.11,1905.11,1905.11,1905.11,1905.11,25,47627.75,1,25,100.0,5,2017,0.09175358166189107,Slight
38,MUTHOOTFIN,NB,2017-06-01,1745.0,1745.0,1745.0,1745.0,1745.0,1745.0,1745.0,13,22685.0,2,13,100.0,6,2017,-0.0840423912529985,Slight
39,MUTHOOTFIN,NC,2017-06-01,1905.11,1907.0,1913.0,1907.0,1913.0,1913.0,1912.23,39,74577.0,5,39,100.0,6,2017,0.0962750716332379,Slight
41,MUTHOOTFIN,NC,2017-06-02,1913.0,1914.5,1920.0,1914.5,1920.0,1920.0,1915.88,20,38317.5,2,20,100.0,6,2017,0.003659174072137894,Slight
42,MUTHOOTFIN,NF,2017-06-02,990.0,925.03,1174.98,925.03,1000.0,1000.0,959.7,161,154512.35,13,125,77.64,6,2017,-0.47916666666666663,Slight
44,MUTHOOTFIN,,2017-06-05,1099.7,931.21,1100.0,931.21,1100.0,1100.0,1015.61,20,20312.1,2,10,50.0,6,2017,0.10000000000000009,Slight
45,MUTHOOTFIN,NB,2017-06-05,1745.0,1745.0,1745.0,1745.0,1745.0,1745.0,1745.0,33,57585.0,1,33,100.0,6,2017,0.5863636363636364,Slight positive
47,MUTHOOTFIN,,2017-06-06,1100.0,1020.0,1020.0,1020.0,1020.0,1020.0,1020.0,22,22440.0,1,22,100.0,6,2017,-0.41547277936962745,Slight
48,MUTHOOTFIN,NC,2017-06-06,1920.0,1919.0,1922.55,1919.0,1922.55,1922.55,1919.2,215,412627.85,3,215,100.0,6,2017,0.8848529411764705,Slight positive
50,MUTHOOTFIN,NB,2017-06-07,1745.0,1745.0,1745.0,1745.0,1745.0,1745.0,1745.0,42,73290.0,3,42,100.0,6,2017,-0.09235130425736648,Slight
51,MUTHOOTFIN,NC,2017-06-07,1922.55,1922.5,1922.95,1922.5,1922.95,1922.68,1922.58,60,115354.5,3,60,100.0,6,2017,0.10182234957020064,Slight
53,MUTHOOTFIN,N9,2017-06-08,1001.01,1039.9,1053.0,1004.2,1004.2,1004.2,1026.78,90,92410.1,7,55,61.11,6,2017,-0.4777081989722679,Slight
54,MUTHOOTFIN,NC,2017-06-08,1922.68,1926.0,1926.0,1926.0,1926.0,1926.0,1926.0,52,100152.0,1,52,100.0,6,2017,0.917944632543318,Slight positive
56,MUTHOOTFIN,NC,2017-06-09,1926.0,1933.8,1933.8,1922.5,1922.5,1922.77,1922.85,157,301886.8,6,155,98.73,6,2017,-0.0016770508826583486,Slight
57,MUTHOOTFIN,NG,2017-06-09,1000.0,1001.0,1001.0,1001.0,1001.0,1001.0,1001.0,200,200200.0,3,200,100.0,6,2017,-0.47939691174711485,Slight
59,MUTHOOTFIN,N9,2017-06-12,1004.2,1005.1,1005.1,1005.0,1005.0,1005.0,1005.03,400,402010.4,4,400,100.0,6,2017,0.003996003996004083,Slight
61,MUTHOOTFIN,NB,2017-06-13,1745.0,1745.01,1745.01,1745.0,1745.0,1745.0,1745.0,100,174500.25,4,100,100.0,6,2017,0.736318407960199,Slight positive
62,MUTHOOTFIN,NC,2017-06-13,1922.77,1927.0,1927.0,1927.0,1927.0,1927.0,1927.0,100,192700.0,1,100,100.0,6,2017,0.10429799426934094,Slight
63,MUTHOOTFIN,NG,2017-06-13,1001.0,1002.5,1002.5,1002.5,1002.5,1002.5,1002.5,5,5012.5,1,5,100.0,6,2017,-0.4797612869745719,Slight
65,MUTHOOTFIN,,2017-06-14,1020.0,1025.0,1025.0,1025.0,1025.0,1025.0,1025.0,5,5125.0,1,5,100.0,6,2017,0.02244389027431426,Slight
66,MUTHOOTFIN,NB,2017-06-14,1745.0,1745.01,1745.01,1745.01,1745.01,1745.01,1745.01,10,17450.1,1,10,100.0,6,2017,0.7024487804878048,Slight positive
67,MUTHOOTFIN,NC,2017-06-14,1927.0,1927.0,1927.0,1927.0,1927.0,1927.0,1927.0,10,19270.0,1,10,100.0,6,2017,0.10429166595033834,Slight
68,MUTHOOTFIN,NF,2017-06-14,1000.0,970.03,970.03,970.03,970.03,970.03,970.03,104,100883.12,1,104,100.0,6,2017,-0.49661131292163985,Slight
69,MUTHOOTFIN,NG,2017-06-14,1002.5,1005.0,1009.0,1005.0,1009.0,1007.09,1006.94,68,68472.0,3,68,100.0,6,2017,0.038205003968949436,Slight
71,MUTHOOTFIN,N9,2017-06-15,1005.0,1005.2,1009.73,980.0,999.75,986.99,986.8,2140,2111756.05,29,1995,93.22,6,2017,-0.01995849427558616,Slight
72,MUTHOOTFIN,,2017-06-15,1025.0,1025.0,1025.0,1025.0,1025.0,1025.0,1025.0,45,46125.0,4,45,100.0,6,2017,0.03851102848053167,Slight
74,MUTHOOTFIN,N9,2017-06-16,986.99,1008.9,1008.9,1000.0,1003.5,1003.49,1002.77,98,98271.3,10,83,84.69,6,2017,-0.02098536585365851,Slight
75,MUTHOOTFIN,NC,2017-06-16,1927.0,1928.0,1928.0,1928.0,1928.0,1928.0,1928.0,10,19280.0,1,10,100.0,6,2017,0.921294681561351,Slight positive
76,MUTHOOTFIN,NF,2017-06-16,970.03,1006.0,1006.0,1006.0,1006.0,1006.0,1006.0,100,100600.0,1,100,100.0,6,2017,-0.47821576763485474,Slight
78,MUTHOOTFIN,NB,2017-06-19,1745.01,1745.0,1750.0,1744.0,1750.0,1750.0,1744.89,225,392600.0,6,200,88.89,6,2017,0.7395626242544731,Slight positive
79,MUTHOOTFIN,NF,2017-06-19,1006.0,1005.0,1005.0,1005.0,1005.0,1005.0,1005.0,10,10050.0,1,10,100.0,6,2017,-0.4257142857142857,Slight
80,MUTHOOTFIN,NG,2017-06-19,1007.09,995.1,1000.0,995.05,1000.0,1000.0,997.4,95,94752.75,4,50,52.63,6,2017,-0.00497512437810943,Slight
82,MUTHOOTFIN,N9,2017-06-20,1003.49,1004.6,1004.6,1002.0,1002.0,1002.0,1003.38,95,95321.5,7,95,100.0,6,2017,0.0020000000000000018,Slight
83,MUTHOOTFIN,NC,2017-06-20,1928.0,1927.0,1927.0,1927.0,1927.0,1927.0,1927.0,60,115620.0,2,60,100.0,6,2017,0.9231536926147705,Slight positive
84,MUTHOOTFIN,ND,2017-06-20,1075.0,975.0,1002.99,975.0,1000.0,1000.0,996.57,34,33883.47,4,27,79.41,6,2017,-0.48105864037363777,Slight
85,MUTHOOTFIN,NG,2017-06-20,1000.0,1002.0,1002.0,1002.0,1002.0,1002.0,1002.0,5,5010.0,1,5,100.0,6,2017,0.0020000000000000018,Slight
87,MUTHOOTFIN,N9,2017-06-21,1002.0,1002.0,1002.45,1000.0,1000.0,1000.07,1000.89,140,140124.5,7,140,100.0,6,2017,-0.0019261477045907638,Slight
88,MUTHOOTFIN,ND,2017-06-21,1000.0,999.0,999.0,950.11,980.59,980.59,970.61,89,86384.08,5,89,100.0,6,2017,-0.019478636495445345,Slight
90,MUTHOOTFIN,NC,2017-06-22,1927.0,1924.0,1931.5,1924.0,1931.5,1931.5,1927.75,200,385550.0,3,200,100.0,6,2017,0.9697325079798895,Slight positive
92,MUTHOOTFIN,N9,2017-06-23,1000.07,1000.25,1001.0,1000.25,1001.0,1001.0,1000.44,40,40017.5,2,40,100.0,6,2017,-0.48174993528345844,Slight
93,MUTHOOTFIN,ND,2017-06-23,980.59,950.13,950.13,950.13,950.13,950.13,950.13,85,80761.05,1,85,100.0,6,2017,-0.0508191808191808,Slight
94,MUTHOOTFIN,NF,2017-06-23,1005.0,916.01,916.01,916.01,916.01,916.01,916.01,110,100761.1,1,110,100.0,6,2017,-0.03591087535389892,Slight
95,MUTHOOTFIN,NG,2017-06-23,1002.0,1005.0,1005.0,1005.0,1005.0,1005.0,1005.0,5,5025.0,1,5,100.0,6,2017,0.09714959443674198,Slight
97,MUTHOOTFIN,N9,2017-06-27,1001.0,1000.0,1000.0,999.0,1000.0,1000.0,999.41,170,169900.0,3,170,100.0,6,2017,-0.00497512437810943,Slight
98,MUTHOOTFIN,NG,2017-06-27,1005.0,980.0,980.0,980.0,980.0,980.0,980.0,450,441000.0,2,450,100.0,6,2017,-0.020000000000000018,Slight
100,MUTHOOTFIN,,2017-06-28,1025.0,1025.0,1025.0,1025.0,1025.0,1025.0,1025.0,30,30750.0,1,30,100.0,6,2017,0.04591836734693877,Slight
101,MUTHOOTFIN,NC,2017-06-28,1931.5,1935.0,1935.0,1935.0,1935.0,1935.0,1935.0,25,48375.0,1,25,100.0,6,2017,0.8878048780487804,Slight positive
102,MUTHOOTFIN,ND,2017-06-28,950.13,1005.0,1010.0,1005.0,1009.0,1009.0,1007.93,671,676319.89,18,671,100.0,6,2017,-0.47855297157622734,Slight
103,MUTHOOTFIN,NF,2017-06-28,916.01,987.11,987.11,987.0,987.0,987.0,987.04,25,24676.1,2,25,100.0,6,2017,-0.021803766105054523,Slight
105,MUTHOOTFIN,N9,2017-06-29,1000.0,1003.65,1003.65,1000.0,1000.0,1000.0,1000.73,10,10007.3,2,10,100.0,6,2017,0.01317122593718345,Slight
106,MUTHOOTFIN,NB,2017-06-29,1750.0,1750.01,1750.01,1750.0,1750.0,1750.0,1750.01,40,70000.25,3,40,100.0,6,2017,0.75,Slight positive
107,MUTHOOTFIN,NC,2017-06-29,1935.0,1931.01,1931.01,1931.01,1931.01,1931.01,1931.01,7,13517.07,1,7,100.0,6,2017,0.10343428571428581,Slight
109,MUTHOOTFIN,N9,2017-06-30,1000.0,1005.0,1020.0,1005.0,1020.0,1015.15,1009.86,892,900792.5,13,892,100.0,6,2017,-0.47429065618510524,Slight
110,MUTHOOTFIN,NC,2017-06-30,1931.01,1934.0,1934.0,1934.0,1934.0,1934.0,1934.0,10,19340.0,1,10,100.0,6,2017,0.9051371718465251,Slight positive
111,MUTHOOTFIN,NF,2017-06-30,987.0,986.0,986.0,986.0,986.0,986.0,986.0,25,24650.0,1,25,100.0,6,2017,-0.4901758014477766,Slight
113,MUTHOOTFIN,,2017-07-03,1025.0,1025.0,1025.0,1025.0,1025.0,1025.0,1025.0,50,51250.0,1,50,100.0,7,2017,0.03955375253549698,Slight
114,MUTHOOTFIN,NB,2017-07-03,1750.0,1750.11,1750.11,1750.0,1750.0,1750.0,1750.02,135,236253.25,8,135,100.0,7,2017,0.7073170731707317,Slight positive
115,MUTHOOTFIN,NC,2017-07-03,1934.0,1932.0,1934.0,1931.0,1934.0,1934.0,1931.47,405,782245.0,4,405,100.0,7,2017,0.1051428571428572,Slight
116,MUTHOOTFIN,NF,2017-07-03,986.0,935.01,935.01,921.01,921.01,921.01,929.27,100,92926.95,3,100,100.0,7,2017,-0.5237797311271974,Slight negative
118,MUTHOOTFIN,N9,2017-07-04,1015.15,1010.0,1010.0,1010.0,1010.0,1010.0,1010.0,87,87870.0,10,87,100.0,7,2017,0.09662218651263288,Slight
119,MUTHOOTFIN,,2017-07-04,1025.0,1020.15,1020.15,1020.15,1020.15,1020.15,1020.15,5,5100.75,1,5,100.0,7,2017,0.010049504950494947,Slight
120,MUTHOOTFIN,NC,2017-07-04,1934.0,1932.1,1932.4,1932.0,1932.4,1932.4,1932.13,300,579640.0,7,300,100.0,7,2017,0.8942312405038475,Slight positive
122,MUTHOOTFIN,N9,2017-07-05,1010.0,1011.0,1011.0,1011.0,1011.0,1011.0,1011.0,60,60660.0,1,60,100.0,7,2017,-0.47681639412129995,Slight
123,MUTHOOTFIN,,2017-07-05,1020.15,1111.8,1111.8,1111.8,1111.8,1111.8,1111.8,50,55590.0,1,50,100.0,7,2017,0.09970326409495534,Slight
124,MUTHOOTFIN,NC,2017-07-05,1932.4,1932.5,1932.5,1932.5,1932.5,1932.5,1932.5,25,48312.5,1,25,100.0,7,2017,0.7381723331534449,Slight positive
126,MUTHOOTFIN,N9,2017-07-06,1011.0,1005.0,1017.9,1005.0,1010.01,1010.01,1010.78,122,123315.12,5,100,81.97,7,2017,-0.4773557567917206,Slight
127,MUTHOOTFIN,,2017-07-06,1111.8,1004.0,1036.0,1004.0,1028.0,1028.0,1021.44,36,36772.0,6,35,97.22,7,2017,0.01781170483460559,Slight
128,MUTHOOTFIN,NB,2017-07-06,1750.0,1750.05,1790.0,1750.05,1790.0,1790.0,1776.68,45,79950.75,2,45,100.0,7,2017,0.7412451361867705,Slight positive
129,MUTHOOTFIN,NC,2017-07-06,1932.5,1933.0,1941.0,1933.0,1941.0,1941.0,1940.07,60,116404.0,6,60,100.0,7,2017,0.08435754189944134,Slight
130,MUTHOOTFIN,NG,2017-07-06,980.0,1009.99,1009.99,1009.99,1009.99,1009.99,1009.99,10,10099.9,1,10,100.0,7,2017,-0.47965481710458524,Slight
132,MUTHOOTFIN,N9,2017-07-07,1010.01,1010.01,1010.01,1010.01,1010.01,1010.01,1010.01,3,3030.03,1,3,100.0,7,2017,1.980217625918712e-05,Slight
133,MUTHOOTFIN,NB,2017-07-07,1790.0,1753.0,1760.0,1753.0,1760.0,1760.0,1756.5,80,140520.0,2,40,50.0,7,2017,0.7425570043860952,Slight positive
134,MUTHOOTFIN,NC,2017-07-07,1941.0,1933.53,1933.53,1933.0,1933.0,1933.0,1933.46,90,174011.35,4,90,100.0,7,2017,0.09829545454545463,Slight
136,MUTHOOTFIN,N9,2017-07-10,1010.01,915.02,1020.0,915.02,1010.0,1010.0,1011.04,135,136490.15,6,125,92.59,7,2017,-0.4774961200206932,Slight
137,MUTHOOTFIN,NC,2017-07-10,1933.0,1944.7,1944.7,1944.7,1944.7,1944.7,1944.7,6,11668.2,1,6,100.0,7,2017,0.9254455445544556,Slight positive
139,MUTHOOTFIN,NB,2017-07-11,1760.0,1760.05,1770.0,1749.0,1770.0,1770.0,1756.63,317,556852.0,13,277,87.38,7,2017,-0.08983390754358,Slight
140,MUTHOOTFIN,NG,2017-07-11,1009.99,1001.0,1001.0,990.6,1000.0,999.33,995.99,551,548792.12,13,350,63.52,7,2017,-0.43540677966101693,Slight
142,MUTHOOTFIN,N9,2017-07-12,1010.0,1010.0,1010.0,1010.0,1010.0,1010.0,1010.0,105,106050.0,11,105,100.0,7,2017,0.010677153692974173,Slight
143,MUTHOOTFIN,NB,2017-07-12,1770.0,1770.0,1772.0,1770.0,1772.0,1772.0,1770.28,176,311570.0,4,176,100.0,7,2017,0.7544554455445545,Slight positive
144,MUTHOOTFIN,NC,2017-07-12,1944.7,1940.0,1940.0,1935.0,1935.0,1935.0,1935.55,111,214845.75,5,111,100.0,7,2017,0.09198645598194122,Slight
145,MUTHOOTFIN,ND,2017-07-12,1009.0,990.05,1009.9,990.05,1009.9,1009.9,1008.28,540,544469.5,21,530,98.15,7,2017,-0.4780878552971576,Slight
146,MUTHOOTFIN,NG,2017-07-12,999.33,1005.0,1005.0,990.0,1000.0,1000.0,996.17,300,298850.2,8,200,66.67,7,2017,-0.00980295078720661,Slight
148,MUTHOOTFIN,N9,2017-07-13,1010.0,1010.0,1010.0,1010.0,1010.0,1010.0,1010.0,50,50500.0,5,50,100.0,7,2017,0.010000000000000009,Slight
149,MUTHOOTFIN,NB,2017-07-13,1772.0,1770.0,1770.0,1770.0,1770.0,1770.0,1770.0,50,88500.0,3,50,100.0,7,2017,0.7524752475247525,Slight positive
150,MUTHOOTFIN,NC,2017-07-13,1935.0,1942.0,1943.0,1938.0,1938.0,1938.0,1940.8,125,242600.0,4,125,100.0,7,2017,0.0949152542372882,Slight
151,MUTHOOTFIN,NG,2017-07-13,1000.0,1000.03,1009.0,992.15,1002.0,1002.0,998.63,650,649108.85,15,500,76.92,7,2017,-0.48297213622291024,Slight
153,MUTHOOTFIN,N9,2017-07-14,1010.0,1027.9,1027.9,1027.9,1027.9,1027.9,1027.9,33,33920.7,1,33,100.0,7,2017,0.025848303393213756,Slight
154,MUTHOOTFIN,,2017-07-14,1028.0,1005.11,1005.11,1005.11,1005.11,1005.11,1005.11,25,25127.75,1,25,100.0,7,2017,-0.022171417453059727,Slight
155,MUTHOOTFIN,NC,2017-07-14,1938.0,1936.0,1944.0,1936.0,1944.0,1944.0,1937.08,977,1892526.0,7,977,100.0,7,2017,0.9341166638477381,Slight positive
156,MUTHOOTFIN,ND,2017-07-14,1009.9,1003.7,1003.7,1003.7,1003.7,1003.7,1003.7,5,5018.5,1,5,100.0,7,2017,-0.48369341563786006,Slight
157,MUTHOOTFIN,NF,2017-07-14,921.01,983.56,983.56,983.56,983.56,983.56,983.56,100,98356.0,1,100,100.0,7,2017,-0.02006575670020927,Slight
158,MUTHOOTFIN,NG,2017-07-14,1002.0,1002.0,1002.0,1002.0,1002.0,1002.0,1002.0,10,10020.0,1,10,100.0,7,2017,0.01874822074911542,Slight
160,MUTHOOTFIN,NB,2017-07-17,1770.0,1771.25,1772.5,1770.05,1772.5,1772.5,1770.89,65,115107.8,6,65,100.0,7,2017,0.7689620758483033,Slight positive
161,MUTHOOTFIN,NC,2017-07-17,1944.0,1955.79,1955.8,1955.79,1955.8,1955.8,1955.79,20,39115.85,2,20,100.0,7,2017,0.103413258110014,Slight
162,MUTHOOTFIN,ND,2017-07-17,1003.7,1003.7,1003.7,1003.7,1003.7,1003.7,1003.7,19,19070.3,1,19,100.0,7,2017,-0.48680846712342773,Slight
163,MUTHOOTFIN,NG,2017-07-17,1002.0,1000.0,1000.0,990.2,1000.0,1000.0,996.31,1369,1363944.1,18,1159,84.66,7,2017,-0.003686360466274796,Slight
165,MUTHOOTFIN,ND,2017-07-18,1003.7,1003.7,1003.7,1003.7,1003.7,1003.7,1003.7,10,10037.0,1,10,100.0,7,2017,0.0037000000000000366,Slight
166,MUTHOOTFIN,NG,2017-07-18,1000.0,1004.8,1004.8,1000.02,1000.02,1000.02,1001.61,300,300484.0,3,300,100.0,7,2017,-0.003666434193484225,Slight
168,MUTHOOTFIN,NC,2017-07-19,1955.8,1950.0,1957.9,1950.0,1950.1,1950.1,1950.76,55,107292.0,7,50,90.91,7,2017,0.9500609987800244,Slight positive
169,MUTHOOTFIN,NG,2017-07-19,1000.02,999.0,1005.0,999.0,1005.0,1004.19,1002.71,700,701897.0,6,700,100.0,7,2017,-0.48505717655504843,Slight
171,MUTHOOTFIN,NC,2017-07-20,1950.1,1949.0,1949.0,1949.0,1949.0,1949.0,1949.0,10,19490.0,1,10,100.0,7,2017,0.9408677640685525,Slight positive
172,MUTHOOTFIN,ND,2017-07-20,1003.7,1020.0,1020.0,1020.0,1020.0,1020.0,1020.0,5,5100.0,1,5,100.0,7,2017,-0.4766546947152386,Slight
174,MUTHOOTFIN,,2017-07-21,1005.11,1050.0,1050.0,1050.0,1050.0,1050.0,1050.0,10,10500.0,1,10,100.0,7,2017,0.02941176470588225,Slight
175,MUTHOOTFIN,NG,2017-07-21,1004.19,998.01,1007.9,998.0,1001.01,1001.03,1001.7,700,701188.0,5,500,71.43,7,2017,-0.046638095238095256,Slight
177,MUTHOOTFIN,,2017-07-24,1050.0,1035.1,1055.0,1035.1,1055.0,1055.0,1051.02,50,52551.0,2,40,80.0,7,2017,0.05391446809785916,Slight
178,MUTHOOTFIN,NB,2017-07-24,1772.5,1785.0,1785.0,1780.55,1785.0,1785.0,1782.47,72,128337.55,3,68,94.44,7,2017,0.6919431279620853,Slight positive
179,MUTHOOTFIN,ND,2017-07-24,1020.0,1014.0,1020.0,1014.0,1020.0,1020.0,1016.54,226,229738.0,6,226,100.0,7,2017,-0.4285714285714286,Slight
181,MUTHOOTFIN,,2017-07-25,1055.0,1035.05,1035.05,1035.0,1035.0,1035.0,1035.01,75,77625.75,2,75,100.0,7,2017,0.014705882352941124,Slight
182,MUTHOOTFIN,NC,2017-07-25,1949.0,1950.0,1950.0,1950.0,1950.0,1950.0,1950.0,20,39000.0,1,20,100.0,7,2017,0.8840579710144927,Slight positive
184,MUTHOOTFIN,N9,2017-07-26,1027.9,1000.0,1000.0,995.01,995.01,995.01,998.86,145,144835.3,6,115,79.31,7,2017,-0.48973846153846157,Slight
185,MUTHOOTFIN,NB,2017-07-26,1785.0,1786.0,1786.0,1785.0,1785.0,1785.0,1785.71,70,125000.0,2,70,100.0,7,2017,0.7939518195797026,Slight positive
186,MUTHOOTFIN,NC,2017-07-26,1950.0,1950.0,1950.0,1949.01,1949.01,1949.1,1949.55,100,194955.45,4,100,100.0,7,2017,0.09193277310924364,Slight
187,MUTHOOTFIN,ND,2017-07-26,1020.0,1009.95,1009.95,1009.95,1009.95,1009.95,1009.95,400,403980.0,2,400,100.0,7,2017,-0.4818377712790518,Slight
189,MUTHOOTFIN,N9,2017-07-27,995.01,1001.0,1008.0,1001.0,1008.0,1008.0,1003.0,7,7021.0,2,7,100.0,7,2017,-0.0019307886529036367,Slight
190,MUTHOOTFIN,,2017-07-27,1035.0,1045.0,1050.0,1045.0,1050.0,1048.75,1048.26,115,120550.0,3,115,100.0,7,2017,0.040426587301587213,Slight
191,MUTHOOTFIN,NC,2017-07-27,1949.1,1952.0,1952.0,1952.0,1952.0,1952.0,1952.0,5,9760.0,1,5,100.0,7,2017,0.861263408820024,Slight positive
192,MUTHOOTFIN,ND,2017-07-27,1009.95,990.55,1008.0,990.5,1002.0,1002.0,999.7,290,289913.0,10,230,79.31,7,2017,-0.4866803278688525,Slight
193,MUTHOOTFIN,NF,2017-07-27,983.56,983.75,983.75,983.67,983.67,983.67,983.68,101,99351.47,2,101,100.0,7,2017,-0.01829341317365274,Slight
195,MUTHOOTFIN,,2017-07-28,1048.75,1025.22,1025.22,1025.22,1025.22,1025.22,1025.22,50,51261.0,1,50,100.0,7,2017,0.04223977553447811,Slight
196,MUTHOOTFIN,NB,2017-07-28,1785.0,1790.0,1790.0,1790.0,1790.0,1790.0,1790.0,50,89500.0,1,50,100.0,7,2017,0.7459667193382884,Slight positive
197,MUTHOOTFIN,NF,2017-07-28,983.67,1001.25,1001.25,1001.25,1001.25,1001.25,1001.25,25,25031.25,1,25,100.0,7,2017,-0.4406424581005587,Slight
199,MUTHOOTFIN,N9,2017-07-31,1008.0,1013.0,1013.0,1013.0,1013.0,1013.0,1013.0,25,25325.0,1,25,100.0,7,2017,0.011735330836454505,Slight
200,MUTHOOTFIN,NB,2017-07-31,1790.0,1790.0,1792.0,1790.0,1792.0,1792.0,1791.67,60,107500.0,2,60,100.0,7,2017,0.7690029615004936,Slight positive
201,MUTHOOTFIN,NC,2017-07-31,1952.0,1952.0,1952.1,1952.0,1952.1,1952.1,1952.07,42,81987.0,3,42,100.0,7,2017,0.08934151785714284,Slight
202,MUTHOOTFIN,ND,2017-07-31,1002.0,996.02,996.02,996.02,996.02,996.02,996.02,30,29880.6,2,30,100.0,7,2017,-0.48976999129142973,Slight
204,MUTHOOTFIN,N9,2017-08-01,1013.0,1013.0,1014.0,1013.0,1014.0,1014.0,1013.5,20,20270.0,2,20,100.0,8,2017,0.018051846348466905,Slight
205,MUTHOOTFIN,NB,2017-08-01,1792.0,1794.0,1794.0,1794.0,1794.0,1794.0,1794.0,228,409032.0,2,228,100.0,8,2017,0.7692307692307692,Slight positive
206,MUTHOOTFIN,NC,2017-08-01,1952.1,1959.9,1960.0,1959.9,1960.0,1960.0,1959.95,210,411590.0,4,210,100.0,8,2017,0.09253065774804914,Slight
207,MUTHOOTFIN,ND,2017-08-01,996.02,1007.0,1007.0,1000.0,1004.5,1004.5,1000.34,709,709239.0,5,659,92.95,8,2017,-0.48750000000000004,Slight
208,MUTHOOTFIN,NF,2017-08-01,1001.25,1010.0,1012.0,1010.0,1012.0,1012.0,1010.11,53,53536.0,2,53,100.0,8,2017,0.0074664011946241615,Slight
210,MUTHOOTFIN,N9,2017-08-02,1014.0,1012.0,1012.0,1012.0,1012.0,1012.0,1012.0,25,25300.0,1,25,100.0,8,2017,0.0,Slight
211,MUTHOOTFIN,,2017-08-02,1025.22,1048.0,1048.0,1048.0,1048.0,1048.0,1048.0,20,20960.0,1,20,100.0,8,2017,0.035573122529644285,Slight
212,MUTHOOTFIN,NB,2017-08-02,1794.0,1796.0,1799.99,1796.0,1799.99,1799.99,1796.39,475,853287.53,5,475,100.0,8,2017,0.7175477099236642,Slight positive
213,MUTHOOTFIN,NC,2017-08-02,1960.0,1959.9,1962.9,1958.1,1960.0,1960.0,1959.87,919,1801120.3,16,883,96.08,8,2017,0.08889493830521289,Slight
215,MUTHOOTFIN,N9,2017-08-03,1012.0,1010.0,1010.0,1000.15,1000.15,1000.15,1004.53,45,45203.75,2,45,100.0,8,2017,-0.48971938775510204,Slight
216,MUTHOOTFIN,,2017-08-03,1048.0,1036.25,1036.25,1036.25,1036.25,1036.25,1036.25,2,2072.5,1,2,100.0,8,2017,0.03609458581212821,Slight
217,MUTHOOTFIN,NB,2017-08-03,1799.99,1797.0,1797.0,1790.26,1792.0,1792.03,1793.44,145,260049.0,4,120,82.76,8,2017,0.729341375150784,Slight positive
219,MUTHOOTFIN,N9,2017-08-04,1000.15,1000.2,1005.0,1000.2,1005.0,1005.0,1001.34,105,105141.0,3,105,100.0,8,2017,-0.4391834958120121,Slight
220,MUTHOOTFIN,NC,2017-08-04,1960.0,1961.0,1961.01,1952.01,1952.01,1952.01,1957.48,36,70469.23,5,36,100.0,8,2017,0.9422985074626866,Slight positive
221,MUTHOOTFIN,NF,2017-08-04,1012.0,975.05,975.05,975.0,975.0,975.0,975.0,75,73125.25,2,75,100.0,8,2017,-0.5005148539198057,Slight negative
223,MUTHOOTFIN,NF,2017-08-07,975.0,1170.0,1170.0,1170.0,1170.0,1170.0,1170.0,10,11700.0,1,10,100.0,8,2017,0.19999999999999996,Slight
224,MUTHOOTFIN,NG,2017-08-07,1001.03,1015.0,1015.0,1015.0,1015.0,1015.0,1015.0,10,10150.0,1,10,100.0,8,2017,-0.13247863247863245,Slight
226,MUTHOOTFIN,N9,2017-08-08,1005.0,1000.4,1000.4,1000.35,1000.35,1000.39,1000.39,25,25009.75,2,25,100.0,8,2017,-0.014394088669950733,Slight
227,MUTHOOTFIN,NB,2017-08-08,1792.03,1796.0,1796.0,1796.0,1796.0,1796.0,1796.0,255,457980.0,2,255,100.0,8,2017,0.7952998330651047,Slight positive
228,MUTHOOTFIN,NF,2017-08-08,1170.0,990.52,990.52,980.0,980.0,980.0,988.78,143,141395.2,4,143,100.0,8,2017,-0.4543429844097996,Slight
230,MUTHOOTFIN,NB,2017-08-09,1796.0,1790.0,1790.0,1710.0,1710.0,1710.0,1711.92,500,855960.0,5,500,100.0,8,2017,0.7448979591836735,Slight positive
231,MUTHOOTFIN,NC,2017-08-09,1952.01,1955.0,1956.01,1955.0,1956.01,1956.01,1955.67,15,29335.1,2,15,100.0,8,2017,0.14386549707602336,Slight
233,MUTHOOTFIN,NC,2017-08-10,1956.01,1955.01,1960.51,1955.01,1960.0,1960.45,1960.01,245,480202.2,6,245,100.0,8,2017,0.002269927045362774,Slight
234,MUTHOOTFIN,NG,2017-08-10,1015.0,1014.99,1014.99,1014.99,1014.99,1014.99,1014.99,10,10149.9,1,10,100.0,8,2017,-0.48226682649391717,Slight
236,MUTHOOTFIN,N9,2017-08-11,1000.39,1004.9,1004.9,1004.9,1004.9,1004.9,1004.9,47,47230.3,1,47,100.0,8,2017,-0.009940984640242845,Slight
237,MUTHOOTFIN,NB,2017-08-11,1710.0,1799.99,1799.99,1796.01,1796.05,1796.05,1799.49,112,201543.24,4,112,100.0,8,2017,0.787292267887352,Slight positive
238,MUTHOOTFIN,NC,2017-08-11,1960.45,1961.0,1964.9,1961.0,1961.02,1961.02,1961.34,232,455031.24,6,232,100.0,8,2017,0.09185156315247345,Slight
240,MUTHOOTFIN,NF,2017-08-14,980.0,990.0,1070.0,901.0,1070.0,1070.0,911.78,104,94825.0,3,100,96.15,8,2017,-0.45436558525665216,Slight
241,MUTHOOTFIN,NG,2017-08-14,1014.99,1001.0,1001.0,1001.0,1001.0,1001.0,1001.0,250,250250.0,7,250,100.0,8,2017,-0.06448598130841121,Slight
243,MUTHOOTFIN,N9,2017-08-16,1004.9,1005.0,1006.0,1005.0,1005.0,1005.0,1005.18,226,227171.1,9,226,100.0,8,2017,0.003996003996004083,Slight
244,MUTHOOTFIN,NB,2017-08-16,1796.05,1803.99,1803.99,1803.98,1803.98,1803.98,1803.98,155,279617.45,2,155,100.0,8,2017,0.7950049751243782,Slight positive
245,MUTHOOTFIN,NC,2017-08-16,1961.02,1963.0,1970.0,1962.51,1966.0,1966.0,1967.16,222,436709.36,5,222,100.0,8,2017,0.08981252563775644,Slight
246,MUTHOOTFIN,ND,2017-08-16,1004.5,1007.5,1007.99,1007.5,1007.99,1007.99,1007.75,2,2015.49,2,1,50.0,8,2017,-0.4872889114954222,Slight
247,MUTHOOTFIN,NF,2017-08-16,1070.0,962.0,1050.0,962.0,1030.0,1030.0,999.55,97,96956.04,7,87,89.69,8,2017,0.021835534082679464,Slight
249,MUTHOOTFIN,NB,2017-08-17,1803.98,1803.5,1803.9,1803.5,1803.9,1803.9,1803.57,54,97392.6,3,54,100.0,8,2017,0.7513592233009709,Slight positive
250,MUTHOOTFIN,NF,2017-08-17,1030.0,1020.0,1020.0,1020.0,1020.0,1020.0,1020.0,40,40800.0,5,40,100.0,8,2017,-0.4345584566771994,Slight
251,MUTHOOTFIN,NG,2017-08-17,1001.0,1001.3,1001.3,1001.3,1001.3,1001.3,1001.3,10,10013.0,1,10,100.0,8,2017,-0.018333333333333424,Slight
253,MUTHOOTFIN,NC,2017-08-18,1966.0,1967.0,1967.0,1962.07,1963.03,1963.03,1963.62,60,117817.35,4,60,100.0,8,2017,0.9604813742135225,Slight positive
254,MUTHOOTFIN,NF,2017-08-18,1020.0,1020.0,1020.0,921.0,1000.0,1000.0,975.41,110,107295.0,5,56,50.91,8,2017,-0.4905834347921325,Slight
256,MUTHOOTFIN,N9,2017-08-21,1005.0,1000.0,1010.0,1000.0,1010.0,1010.0,1009.09,110,111000.0,3,100,90.91,8,2017,0.010000000000000009,Slight
257,MUTHOOTFIN,,2017-08-21,1036.25,1036.25,1036.25,1036.25,1036.25,1036.25,1036.25,30,31087.5,1,30,100.0,8,2017,0.025990099009900902,Slight
258,MUTHOOTFIN,NB,2017-08-21,1803.9,1800.05,1800.05,1800.0,1800.0,1800.0,1800.02,110,198002.5,4,110,100.0,8,2017,0.7370325693606754,Slight positive
259,MUTHOOTFIN,NC,2017-08-21,1963.03,1963.0,1966.1,1962.13,1966.1,1966.1,1962.6,101,198222.6,3,101,100.0,8,2017,0.09227777777777768,Slight
260,MUTHOOTFIN,NF,2017-08-21,1000.0,1000.0,1105.0,993.15,1105.0,1105.0,1027.54,30,30826.3,4,30,100.0,8,2017,-0.43797365342556327,Slight
262,MUTHOOTFIN,NB,2017-08-22,1800.0,1799.99,1800.0,1799.99,1800.0,1800.0,1799.99,101,181799.09,2,101,100.0,8,2017,0.6289592760180995,Slight positive
263,MUTHOOTFIN,NC,2017-08-22,1966.1,1968.0,1970.0,1968.0,1970.0,1970.0,1969.0,40,78760.0,2,40,100.0,8,2017,0.09444444444444455,Slight
264,MUTHOOTFIN,NF,2017-08-22,1105.0,936.0,936.0,935.03,935.03,935.03,935.08,200,187015.7,2,200,100.0,8,2017,-0.5253654822335025,Slight negative
266,MUTHOOTFIN,NB,2017-08-23,1800.0,1819.0,1819.0,1819.0,1819.0,1819.0,1819.0,25,45475.0,1,25,100.0,8,2017,0.9453921264558356,Slight positive
267,MUTHOOTFIN,NG,2017-08-23,1001.3,1001.34,1001.34,1000.0,1000.0,1000.0,1000.77,280,280214.2,3,280,100.0,8,2017,-0.45024738867509617,Slight
269,MUTHOOTFIN,N9,2017-08-24,1010.0,1000.0,1000.0,1000.0,1000.0,1000.0,1000.0,5,5000.0,1,5,100.0,8,2017,0.0,Slight
270,MUTHOOTFIN,NB,2017-08-24,1819.0,1800.0,1800.0,1800.0,1800.0,1800.0,1800.0,25,45000.0,1,25,100.0,8,2017,0.8,Slight positive
271,MUTHOOTFIN,NC,2017-08-24,1970.0,1968.0,1968.0,1968.0,1968.0,1968.0,1968.0,10,19680.0,1,10,100.0,8,2017,0.09333333333333327,Slight
273,MUTHOOTFIN,N9,2017-08-28,1000.0,1000.0,1003.99,1000.0,1003.99,1003.99,1002.0,100,100199.5,8,50,50.0,8,2017,-0.48984247967479677,Slight
274,MUTHOOTFIN,,2017-08-28,1036.25,1045.0,1045.0,1045.0,1045.0,1045.0,1045.0,4,4180.0,1,4,100.0,8,2017,0.04084702038864929,Slight
275,MUTHOOTFIN,NG,2017-08-28,1000.0,1010.0,1010.0,1010.0,1010.0,1010.0,1010.0,290,292900.0,1,290,100.0,8,2017,-0.03349282296650713,Slight
277,MUTHOOTFIN,,2017-08-29,1045.0,1059.99,1059.99,1059.99,1059.99,1059.99,1059.99,20,21199.8,1,20,100.0,8,2017,0.04949504950495043,Slight
278,MUTHOOTFIN,NB,2017-08-29,1800.0,1810.0,1819.0,1810.0,1819.0,1818.99,1817.86,275,499911.82,4,275,100.0,8,2017,0.716044490985764,Slight positive
279,MUTHOOTFIN,NC,2017-08-29,1968.0,1970.0,1975.0,1968.21,1975.0,1974.98,1974.66,212,418628.84,5,208,98.11,8,2017,0.08575638128851737,Slight
281,MUTHOOTFIN,N9,2017-08-30,1003.99,1002.0,1002.0,1002.0,1002.0,1002.0,1002.0,25,25050.0,1,25,100.0,8,2017,-0.49265309015787506,Slight
282,MUTHOOTFIN,NB,2017-08-30,1818.99,1815.0,1819.0,1815.0,1819.0,1816.12,1815.65,86,156146.0,3,50,58.14,8,2017,0.8124950099800399,Slight positive
283,MUTHOOTFIN,NC,2017-08-30,1974.98,1975.0,1975.0,1975.0,1975.0,1975.0,1975.0,29,57275.0,1,29,100.0,8,2017,0.0874832059555537,Slight
285,MUTHOOTFIN,NB,2017-08-31,1816.12,1811.0,1811.0,1811.0,1811.0,1811.0,1811.0,42,76062.0,1,42,100.0,8,2017,-0.08303797468354435,Slight
286,MUTHOOTFIN,ND,2017-08-31,1007.99,980.0,996.05,980.0,996.05,996.05,980.94,34,33352.1,2,34,100.0,8,2017,-0.45000000000000007,Slight
288,MUTHOOTFIN,NC,2017-09-01,1975.0,1964.02,1964.02,1964.02,1964.02,1964.02,1964.02,30,58920.6,1,30,100.0,9,2017,0.9718086441443703,Slight positive
290,MUTHOOTFIN,NB,2017-09-04,1811.0,1810.95,1810.95,1810.95,1810.95,1810.95,1810.95,78,141254.1,2,78,100.0,9,2017,-0.07793708821702428,Slight
291,MUTHOOTFIN,NC,2017-09-04,1964.02,1970.0,1970.0,1970.0,1970.0,1970.0,1970.0,7,13790.0,1,7,100.0,9,2017,0.08782683122118229,Slight
292,MUTHOOTFIN,NF,2017-09-04,935.03,1005.0,1005.0,990.0,990.0,990.0,995.73,131,130440.0,5,98,74.81,9,2017,-0.4974619289340102,Slight
294,MUTHOOTFIN,N9,2017-09-05,1002.0,999.0,999.0,999.0,999.0,999.0,999.0,100,99900.0,2,100,100.0,9,2017,0.009090909090909038,Slight
295,MUTHOOTFIN,NB,2017-09-05,1810.95,1810.95,1810.95,1810.9,1810.9,1810.9,1810.95,302,546906.55,7,302,100.0,9,2017,0.8127127127127127,Slight positive
296,MUTHOOTFIN,NC,2017-09-05,1970.0,1970.0,1970.0,1970.0,1970.0,1970.0,1970.0,65,128050.0,4,65,100.0,9,2017,0.08785686675133908,Slight
297,MUTHOOTFIN,ND,2017-09-05,996.05,1000.0,1003.6,1000.0,1000.5,1000.5,1000.33,115,115038.5,4,115,100.0,9,2017,-0.49213197969543143,Slight
299,MUTHOOTFIN,N9,2017-09-06,999.0,1001.8,1004.0,1001.8,1004.0,1003.64,1003.64,223,223812.0,6,223,100.0,9,2017,0.0031384307846076265,Slight
300,MUTHOOTFIN,NB,2017-09-06,1810.9,1810.0,1810.0,1806.0,1810.0,1810.0,1808.22,270,488220.0,5,270,100.0,9,2017,0.803435494798932,Slight positive
301,MUTHOOTFIN,ND,2017-09-06,1000.5,1006.98,1006.98,1006.98,1006.98,1006.98,1006.98,1,1006.98,1,1,100.0,9,2017,-0.4436574585635359,Slight
302,MUTHOOTFIN,NF,2017-09-06,990.0,1019.99,1019.99,1019.99,1019.99,1019.99,1019.99,10,10199.9,1,10,100.0,9,2017,0.01291981965878164,Slight
304,MUTHOOTFIN,NB,2017-09-07,1810.0,1806.0,1806.0,1806.0,1806.0,1806.0,1806.0,100,180600.0,1,100,100.0,9,2017,0.7706055941724919,Slight positive
305,MUTHOOTFIN,NC,2017-09-07,1970.0,1974.01,1976.0,1974.0,1976.0,1976.0,1974.93,280,552981.0,5,280,100.0,9,2017,0.09413067552602428,Slight
307,MUTHOOTFIN,NB,2017-09-08,1806.0,1808.0,1808.05,1804.25,1804.25,1804.25,1807.28,310,560257.5,8,310,100.0,9,2017,-0.08691801619433204,Slight
308,MUTHOOTFIN,NF,2017-09-08,1019.99,1020.0,1020.0,1020.0,1020.0,1020.0,1020.0,100,102000.0,2,100,100.0,9,2017,-0.4346681446584454,Slight
310,MUTHOOTFIN,NB,2017-09-11,1804.25,1814.98,1814.98,1814.98,1814.98,1814.98,1814.98,1,1814.98,1,1,100.0,9,2017,0.7793921568627451,Slight positive
311,MUTHOOTFIN,NC,2017-09-11,1976.0,1974.02,1976.0,1974.01,1976.0,1976.0,1974.7,90,177723.08,5,90,100.0,9,2017,0.0887172310438682,Slight
313,MUTHOOTFIN,NC,2017-09-12,1976.0,1976.0,1976.0,1976.0,1976.0,1976.0,1976.0,20,39520.0,4,20,100.0,9,2017,0.0,Slight
315,MUTHOOTFIN,,2017-09-13,1059.99,1049.5,1049.5,1049.5,1049.5,1049.5,1049.5,3,3148.5,1,3,100.0,9,2017,-0.46887651821862353,Slight
316,MUTHOOTFIN,NC,2017-09-13,1976.0,1976.0,1976.0,1976.0,1976.0,1976.0,1976.0,10,19760.0,1,10,100.0,9,2017,0.8828013339685565,Slight positive
318,MUTHOOTFIN,N9,2017-09-14,1003.64,1000.0,1000.0,1000.0,1000.0,1000.0,1000.0,55,55000.0,3,55,100.0,9,2017,-0.4939271255060729,Slight
320,MUTHOOTFIN,N9,2017-09-15,1000.0,1000.0,1000.0,1000.0,1000.0,1000.0,1000.0,10,10000.0,1,10,100.0,9,2017,0.0,Slight
321,MUTHOOTFIN,NB,2017-09-15,1814.98,1794.01,1794.01,1794.0,1794.0,1794.0,1794.01,50,89700.25,2,50,100.0,9,2017,0.794,Slight positive
322,MUTHOOTFIN,NC,2017-09-15,1976.0,1976.5,1976.5,1976.5,1976.5,1976.5,1976.5,5,9882.5,1,5,100.0,9,2017,0.1017279821627648,Slight
323,MUTHOOTFIN,ND,2017-09-15,1006.98,1006.0,1006.0,996.0,996.0,996.0,996.63,16,15946.0,3,16,100.0,9,2017,-0.4960789273969137,Slight
324,MUTHOOTFIN,NF,2017-09-15,1020.0,1094.0,1094.0,1094.0,1094.0,1094.0,1094.0,1,1094.0,1,1,100.0,9,2017,0.09839357429718865,Slight
326,MUTHOOTFIN,NC,2017-09-18,1976.5,1976.5,1977.0,1973.03,1973.03,1973.03,1975.14,60,118508.25,5,60,100.0,9,2017,0.8035009140767824,Slight positive
328,MUTHOOTFIN,N9,2017-09-19,1000.0,1000.0,1004.0,1000.0,1000.0,1000.0,1002.0,50,50100.0,8,50,100.0,9,2017,-0.4931653345362209,Slight
329,MUTHOOTFIN,NB,2017-09-19,1794.0,1810.0,1810.0,1810.0,1810.0,1810.0,1810.0,5,9050.0,1,5,100.0,9,2017,0.81,Slight positive
330,MUTHOOTFIN,NC,2017-09-19,1973.03,1973.0,1973.0,1973.0,1973.0,1973.0,1973.0,5,9865.0,1,5,100.0,9,2017,0.09005524861878444,Slight
331,MUTHOOTFIN,NF,2017-09-19,1094.0,971.2,1071.79,901.0,1071.79,1071.79,948.05,705,668375.0,6,700,99.29,9,2017,-0.45677141409021793,Slight
333,MUTHOOTFIN,NB,2017-09-20,1810.0,1810.0,1810.0,1810.0,1810.0,1810.0,1810.0,15,27150.0,1,15,100.0,9,2017,0.6887636570596853,Slight positive
334,MUTHOOTFIN,NC,2017-09-20,1973.0,1975.51,1975.51,1975.51,1975.51,1975.51,1975.51,25,49387.75,1,25,100.0,9,2017,0.09144198895027622,Slight
335,MUTHOOTFIN,ND,2017-09-20,996.0,985.0,985.0,985.0,985.0,985.0,985.0,10,9850.0,1,10,100.0,9,2017,-0.5013945765903488,Slight negative
336,MUTHOOTFIN,NF,2017-09-20,1071.79,1018.0,1018.0,1005.0,1005.0,1005.0,1007.6,5,5038.0,2,5,100.0,9,2017,0.020304568527918843,Slight
338,MUTHOOTFIN,NF,2017-09-21,1005.0,995.0,995.0,995.0,995.0,995.0,995.0,40,39800.0,2,40,100.0,9,2017,-0.00995024875621886,Slight
340,MUTHOOTFIN,N9,2017-09-22,1000.0,1009.99,1009.99,1009.99,1009.99,1009.99,1009.99,43,43429.57,2,43,100.0,9,2017,0.015065326633165732,Slight
341,MUTHOOTFIN,,2017-09-22,1049.5,1045.0,1045.02,1045.0,1045.02,1045.02,1045.01,25,26125.25,3,25,100.0,9,2017,0.03468351171793782,Slight
342,MUTHOOTFIN,NB,2017-09-22,1810.0,1805.0,1805.0,1791.01,1791.01,1791.84,1799.9,196,352780.25,8,196,100.0,9,2017,0.7146466096342654,Slight positive
343,MUTHOOTFIN,NC,2017-09-22,1975.51,1972.22,1972.23,1972.21,1972.23,1972.23,1972.22,45,88750.05,4,45,100.0,9,2017,0.10067305116528269,Slight
344,MUTHOOTFIN,ND,2017-09-22,985.0,990.0,990.0,985.0,985.0,985.0,989.84,155,153425.0,3,155,100.0,9,2017,-0.5005653498831273,Slight negative
346,MUTHOOTFIN,N9,2017-09-25,1009.99,995.0,995.0,995.0,995.0,995.0,995.0,21,20895.0,2,21,100.0,9,2017,0.010152284263959421,Slight
347,MUTHOOTFIN,NB,2017-09-25,1791.84,1817.97,1817.97,1817.97,1817.97,1817.97,1817.97,40,72718.8,1,40,100.0,9,2017,0.8271055276381909,Slight positive
348,MUTHOOTFIN,NC,2017-09-25,1972.23,1975.02,1984.99,1973.0,1984.99,1984.99,1975.6,170,335851.7,22,150,88.24,9,2017,0.09187170305340575,Slight
349,MUTHOOTFIN,NF,2017-09-25,995.0,1017.0,1017.0,1017.0,1017.0,1017.0,1017.0,10,10170.0,1,10,100.0,9,2017,-0.48765484964659767,Slight
351,MUTHOOTFIN,NC,2017-09-26,1984.99,1985.0,1985.0,1985.0,1985.0,1985.0,1985.0,50,99250.0,1,50,100.0,9,2017,0.951819075712881,Slight positive
353,MUTHOOTFIN,N9,2017-09-27,995.0,998.0,999.0,995.0,995.0,995.0,998.61,72,71900.0,7,72,100.0,9,2017,-0.49874055415617125,Slight
354,MUTHOOTFIN,NB,2017-09-27,1817.97,1810.0,1810.0,1810.0,1810.0,1810.0,1810.0,100,181000.0,1,100,100.0,9,2017,0.8190954773869348,Slight positive
355,MUTHOOTFIN,NC,2017-09-27,1985.0,1975.02,1985.0,1975.02,1980.0,1980.0,1982.64,667,1322420.9,13,667,100.0,9,2017,0.09392265193370175,Slight
357,MUTHOOTFIN,,2017-09-28,1045.02,1055.0,1055.0,1055.0,1055.0,1055.0,1055.0,10,10550.0,1,10,100.0,9,2017,-0.4671717171717171,Slight
358,MUTHOOTFIN,NC,2017-09-28,1980.0,1982.0,1982.0,1982.0,1982.0,1982.0,1982.0,15,29730.0,1,15,100.0,9,2017,0.8786729857819906,Slight positive
360,MUTHOOTFIN,NB,2017-09-29,1810.0,1805.0,1805.0,1805.0,1805.0,1805.0,1805.0,10,18050.0,1,10,100.0,9,2017,-0.08930373360242183,Slight
362,MUTHOOTFIN,NB,2017-10-03,1805.0,1806.0,1815.98,1806.0,1815.98,1815.98,1812.65,276,500291.0,7,276,100.0,10,2017,0.006083102493074755,Slight
364,MUTHOOTFIN,N9,2017-10-04,995.0,1000.0,1000.0,1000.0,1000.0,1000.0,1000.0,20,20000.0,2,20,100.0,10,2017,-0.4493331424354894,Slight
365,MUTHOOTFIN,NB,2017-10-04,1815.98,1814.49,1815.99,1814.49,1815.99,1815.99,1815.27,710,1288840.6,10,710,100.0,10,2017,0.81599,Slight positive
366,MUTHOOTFIN,ND,2017-10-04,985.0,799.0,829.0,788.0,820.0,808.08,799.29,135,107904.4,23,116,85.93,10,2017,-0.5550195760989873,Slight negative
367,MUTHOOTFIN,NF,2017-10-04,1017.0,1006.0,1060.0,1006.0,1060.0,1060.0,1028.83,236,242805.0,6,236,100.0,10,2017,0.31175131175131177,Slight
369,MUTHOOTFIN,N9,2017-10-05,1000.0,1000.0,1000.0,1000.0,1000.0,1000.0,1000.0,10,10000.0,1,10,100.0,10,2017,-0.05660377358490565,Slight
370,MUTHOOTFIN,ND,2017-10-05,808.08,819.0,819.05,810.0,810.0,814.02,814.52,20,16290.4,4,20,100.0,10,2017,-0.18598000000000003,Slight
372,MUTHOOTFIN,N9,2017-10-06,1000.0,993.0,1000.0,993.0,997.1,997.32,996.54,110,109619.3,5,90,81.82,10,2017,0.2251787425370384,Slight
373,MUTHOOTFIN,NB,2017-10-06,1815.99,1815.99,1816.0,1815.99,1816.0,1816.0,1815.99,55,99879.48,2,55,100.0,10,2017,0.8208799582882123,Slight positive
375,MUTHOOTFIN,N9,2017-10-09,997.32,997.32,1000.0,997.32,1000.0,1000.0,999.66,158,157946.4,2,158,100.0,10,2017,-0.4493392070484582,Slight
376,MUTHOOTFIN,NB,2017-10-09,1816.0,1825.25,1825.25,1825.25,1825.25,1825.25,1825.25,200,365050.0,2,200,100.0,10,2017,0.82525,Slight positive
378,MUTHOOTFIN,N9,2017-10-10,1000.0,1001.0,1001.0,1001.0,1001.0,1001.0,1001.0,111,111111.0,1,111,100.0,10,2017,-0.451581975071908,Slight
379,MUTHOOTFIN,NB,2017-10-10,1825.25,1825.24,1825.24,1823.0,1825.24,1825.09,1825.18,1279,2334407.73,18,1279,100.0,10,2017,0.8232667332667332,Slight positive
380,MUTHOOTFIN,NF,2017-10-10,1060.0,1010.0,1010.0,1009.0,1009.0,1009.55,1009.56,90,90860.0,2,90,100.0,10,2017,-0.44684919647798194,Slight
382,MUTHOOTFIN,,2017-10-11,1055.0,1055.0,1055.0,1055.0,1055.0,1055.0,1055.0,100,105500.0,1,100,100.0,10,2017,0.04502005844188006,Slight
383,MUTHOOTFIN,NB,2017-10-11,1825.09,1825.0,1826.0,1825.0,1825.0,1825.0,1825.13,490,894315.0,11,425,86.73,10,2017,0.7298578199052133,Slight positive
384,MUTHOOTFIN,NG,2017-10-11,1010.0,990.2,990.2,990.2,990.2,990.2,990.2,15,14853.0,1,15,100.0,10,2017,-0.45742465753424655,Slight
386,MUTHOOTFIN,,2017-10-12,1055.0,1055.0,1055.0,1055.0,1055.0,1055.0,1055.0,100,105500.0,1,100,100.0,10,2017,0.06544132498485156,Slight
387,MUTHOOTFIN,NB,2017-10-12,1825.0,1824.9,1828.98,1824.9,1825.01,1825.01,1827.91,34,62149.04,3,34,100.0,10,2017,0.7298672985781991,Slight positive
389,MUTHOOTFIN,N9,2017-10-13,1001.0,1008.99,1009.0,1008.99,1009.0,1009.0,1009.0,25,25224.95,2,25,100.0,10,2017,-0.44712631711607065,Slight
390,MUTHOOTFIN,,2017-10-13,1055.0,1055.01,1055.01,1055.01,1055.01,1055.01,1055.01,80,84400.8,1,80,100.0,10,2017,0.04559960356788895,Slight
391,MUTHOOTFIN,NB,2017-10-13,1825.01,1825.0,1829.0,1825.0,1828.0,1828.0,1827.13,150,274070.0,4,110,73.33,10,2017,0.732684998246462,Slight positive
392,MUTHOOTFIN,NF,2017-10-13,1009.55,1010.0,1020.0,1010.0,1020.0,1020.0,1019.33,300,305800.0,3,300,100.0,10,2017,-0.4420131291028446,Slight
394,MUTHOOTFIN,NB,2017-10-16,1828.0,1829.99,1830.0,1829.49,1830.0,1830.0,1829.63,500,914813.36,9,500,100.0,10,2017,0.7941176470588236,Slight positive
395,MUTHOOTFIN,NF,2017-10-16,1020.0,1018.0,1018.0,1015.0,1015.0,1015.0,1017.17,120,122060.0,5,120,100.0,10,2017,-0.44535519125683065,Slight
397,MUTHOOTFIN,NB,2017-10-17,1830.0,1830.0,1830.0,1830.0,1830.0,1830.0,1830.0,5,9150.0,1,5,100.0,10,2017,0.8029556650246306,Slight positive
401,MUTHOOTFIN,NF,2017-10-23,1015.0,1105.0,1105.0,1105.0,1105.0,1105.0,1105.0,16,17680.0,2,16,100.0,10,2017,-0.39617486338797814,Slight
403,MUTHOOTFIN,NF,2017-10-24,1105.0,1010.9,1010.9,1006.0,1006.0,1006.0,1008.1,29,29235.0,4,29,100.0,10,2017,-0.08959276018099549,Slight
406,MUTHOOTFIN,NB,2017-10-26,1830.0,1820.05,1820.05,1820.01,1820.01,1820.01,1820.03,50,91001.7,7,50,100.0,10,2017,0.8091550695825049,Slight positive
410,MUTHOOTFIN,NB,2017-10-31,1820.01,1831.25,1831.25,1831.25,1831.25,1831.25,1831.25,3,5493.75,1,3,100.0,10,2017,0.006175790242910706,Slight
412,MUTHOOTFIN,NB,2017-11-01,1831.25,1833.5,1833.5,1833.5,1833.5,1833.5,1833.5,10,18335.0,1,10,100.0,11,2017,0.0012286689419795938,Slight
414,MUTHOOTFIN,NB,2017-11-02,1833.5,1847.0,1847.0,1847.0,1847.0,1847.0,1847.0,1,1847.0,1,1,100.0,11,2017,0.007362967002999765,Slight
415,MUTHOOTFIN,NG,2017-11-02,990.2,1000.01,1000.01,1000.01,1000.01,1000.01,1000.01,1,1000.01,1,1,100.0,11,2017,-0.45857606930157013,Slight
417,MUTHOOTFIN,NB,2017-11-03,1847.0,1846.98,1846.98,1846.98,1846.98,1846.98,1846.98,60,110818.8,1,60,100.0,11,2017,0.8469615303846962,Slight positive
418,MUTHOOTFIN,NF,2017-11-03,1006.0,1015.0,1016.0,1015.0,1016.0,1016.0,1015.57,233,236628.0,7,233,100.0,11,2017,-0.4499128306749396,Slight
419,MUTHOOTFIN,NG,2017-11-03,1000.01,1001.0,1010.0,1001.0,1010.0,1010.0,1004.38,200,200875.0,4,125,62.5,11,2017,-0.0059055118110236116,Slight
421,MUTHOOTFIN,NB,2017-11-06,1846.98,1900.0,1900.0,1900.0,1900.0,1900.0,1900.0,12,22800.0,1,12,100.0,11,2017,0.8811881188118811,Slight positive
422,MUTHOOTFIN,NF,2017-11-06,1016.0,1009.0,1009.0,1007.0,1009.0,1007.68,1008.34,100,100834.0,3,100,100.0,11,2017,-0.46964210526315797,Slight
424,MUTHOOTFIN,NB,2017-11-07,1900.0,1845.5,1845.61,1845.05,1845.16,1845.16,1845.48,455,839693.63,33,455,100.0,11,2017,0.8310971737059385,Slight positive
425,MUTHOOTFIN,NF,2017-11-07,1007.68,1009.0,1009.0,1009.0,1009.0,1009.0,1009.0,152,153368.0,2,152,100.0,11,2017,-0.4531639532615058,Slight
426,MUTHOOTFIN,NG,2017-11-07,1010.0,1010.0,1010.0,1010.0,1010.0,1010.0,1010.0,58,58580.0,1,58,100.0,11,2017,0.0009910802775023875,Slight
428,MUTHOOTFIN,NB,2017-11-08,1845.16,1850.0,1850.0,1850.0,1850.0,1850.0,1850.0,27,49950.0,1,27,100.0,11,2017,0.8316831683168318,Slight positive
429,MUTHOOTFIN,NF,2017-11-08,1009.0,1009.0,1009.0,1009.0,1009.0,1009.0,1009.0,81,81729.0,1,81,100.0,11,2017,-0.4545945945945946,Slight
430,MUTHOOTFIN,NG,2017-11-08,1010.0,1038.85,1038.85,1038.85,1038.85,1038.85,1038.85,100,103885.0,1,100,100.0,11,2017,0.029583746283448953,Slight
433,MUTHOOTFIN,NG,2017-11-10,1038.85,995.2,1040.0,995.2,1039.9,1039.9,1017.55,252,256423.65,4,125,49.6,11,2017,0.0010107330220918698,Slight
435,MUTHOOTFIN,NB,2017-11-13,1850.0,1849.99,1849.99,1849.99,1849.99,1849.99,1849.99,40,73999.6,4,40,100.0,11,2017,0.7790075968843158,Slight positive
437,MUTHOOTFIN,NB,2017-11-14,1849.99,1850.0,1850.0,1841.26,1841.26,1841.26,1848.93,114,210777.64,2,114,100.0,11,2017,-0.004718944426726601,Slight
440,MUTHOOTFIN,NG,2017-11-16,1039.9,1035.0,1040.2,1034.0,1040.2,1040.2,1037.37,1006,1043589.2,14,1006,100.0,11,2017,-0.4350607736006865,Slight
442,MUTHOOTFIN,NB,2017-11-17,1841.26,1856.0,1856.0,1856.0,1856.0,1856.0,1856.0,25,46400.0,1,25,100.0,11,2017,0.7842722553355124,Slight positive
447,MUTHOOTFIN,NB,2017-11-23,1856.0,1842.0,1842.0,1842.0,1842.0,1842.0,1842.0,50,92100.0,1,50,100.0,11,2017,-0.007543103448275912,Slight
448,MUTHOOTFIN,NG,2017-11-23,1040.2,1040.0,1042.2,1040.0,1042.2,1042.2,1041.54,171,178104.0,5,171,100.0,11,2017,-0.43420195439739406,Slight
451,MUTHOOTFIN,NG,2017-11-27,1042.2,1039.98,1039.98,1039.98,1039.98,1039.98,1039.98,55,57198.9,1,55,100.0,11,2017,-0.002130109383995382,Slight
454,MUTHOOTFIN,NG,2017-11-29,1039.98,1025.0,1025.0,1025.0,1025.0,1025.0,1025.0,51,52275.0,1,51,100.0,11,2017,-0.014404123156214532,Slight
456,MUTHOOTFIN,NB,2017-11-30,1842.0,1842.25,1848.0,1842.25,1848.0,1848.0,1844.99,21,38744.75,2,21,100.0,11,2017,0.8029268292682927,Slight positive
458,MUTHOOTFIN,NB,2017-12-01,1848.0,1841.0,1841.0,1841.0,1841.0,1841.0,1841.0,10,18410.0,1,10,100.0,12,2017,-0.0037878787878787845,Slight
460,MUTHOOTFIN,NB,2017-12-04,1841.0,1841.25,1841.55,1841.25,1841.55,1841.55,1841.36,27,49716.85,3,27,100.0,12,2017,0.0002987506789788874,Slight
462,MUTHOOTFIN,NG,2017-12-05,1025.0,1020.0,1020.0,1020.0,1020.0,1020.0,1020.0,20,20400.0,2,20,100.0,12,2017,-0.44611875865439443,Slight
466,MUTHOOTFIN,NB,2017-12-08,1841.55,1845.05,1845.05,1845.05,1845.05,1845.05,1845.05,10,18450.5,1,10,100.0,12,2017,0.8088725490196078,Slight positive
469,MUTHOOTFIN,NG,2017-12-12,1020.0,1020.0,1020.0,1020.0,1020.0,1020.0,1020.0,10,10200.0,1,10,100.0,12,2017,-0.4471694534023468,Slight
471,MUTHOOTFIN,NB,2017-12-13,1845.05,1841.25,1841.25,1841.25,1841.25,1841.25,1841.25,10,18412.5,1,10,100.0,12,2017,0.8051470588235294,Slight positive
472,MUTHOOTFIN,NG,2017-12-13,1020.0,1019.0,1019.0,1019.0,1019.0,1019.0,1019.0,10,10190.0,1,10,100.0,12,2017,-0.44657162253903593,Slight
474,MUTHOOTFIN,NG,2017-12-14,1019.0,1018.0,1018.0,1018.0,1018.0,1018.0,1018.0,10,10180.0,1,10,100.0,12,2017,-0.0009813542688911214,Slight
476,MUTHOOTFIN,NG,2017-12-15,1018.0,1014.0,1015.0,1014.0,1015.0,1015.0,1014.82,280,284149.7,5,280,100.0,12,2017,-0.0029469548133594925,Slight
478,MUTHOOTFIN,NF,2017-12-18,1009.0,1001.0,1001.0,1001.0,1001.0,1001.0,1001.0,5,5005.0,1,5,100.0,12,2017,-0.01379310344827589,Slight
480,MUTHOOTFIN,NB,2017-12-19,1841.25,1852.0,1852.0,1852.0,1852.0,1852.0,1852.0,25,46300.0,1,25,100.0,12,2017,0.8501498501498501,Slight positive
482,MUTHOOTFIN,NB,2017-12-20,1852.0,1847.0,1848.0,1846.0,1846.0,1846.0,1847.09,296,546738.0,15,296,100.0,12,2017,-0.003239740820734305,Slight
484,MUTHOOTFIN,NF,2017-12-21,1001.0,999.0,999.0,999.0,999.0,999.0,999.0,10,9990.0,1,10,100.0,12,2017,-0.4588299024918743,Slight
486,MUTHOOTFIN,NF,2017-12-22,999.0,985.01,985.01,985.01,985.01,985.01,985.01,2,1970.02,1,2,100.0,12,2017,-0.014004004004004034,Slight
487,MUTHOOTFIN,NG,2017-12-22,1015.0,1020.0,1020.0,1020.0,1020.0,1020.0,1020.0,175,178500.0,2,175,100.0,12,2017,0.03552248200525887,Slight
489,MUTHOOTFIN,NF,2017-12-26,985.01,967.05,967.05,967.05,967.05,967.05,967.05,100,96705.0,1,100,100.0,12,2017,-0.051911764705882435,Slight
494,MUTHOOTFIN,NF,2018-01-01,967.05,996.61,996.61,996.61,996.61,996.61,996.61,50,49830.5,1,50,100.0,1,2018,0.030567188873377837,Slight
495,MUTHOOTFIN,NG,2018-01-01,1020.0,1002.0,1002.0,1002.0,1002.0,1002.0,1002.0,25,25050.0,1,25,100.0,1,2018,0.005408334253118152,Slight
498,MUTHOOTFIN,NG,2018-01-03,1002.0,1020.0,1020.0,1020.0,1020.0,1020.0,1020.0,365,372300.0,5,340,93.15,1,2018,0.017964071856287456,Slight
500,MUTHOOTFIN,NB,2018-01-04,1846.0,1856.01,1856.01,1856.01,1856.01,1856.01,1856.01,111,206017.11,1,111,100.0,1,2018,0.8196176470588235,Slight positive
501,MUTHOOTFIN,NG,2018-01-04,1020.0,1030.0,1032.0,1030.0,1032.0,1032.0,1030.7,154,158728.0,2,154,100.0,1,2018,-0.44396851310068375,Slight
503,MUTHOOTFIN,NG,2018-01-05,1032.0,1035.0,1036.0,1035.0,1036.0,1036.0,1035.75,356,368726.0,2,356,100.0,1,2018,0.003875968992248069,Slight
505,MUTHOOTFIN,NG,2018-01-08,1036.0,1010.0,1037.0,1010.0,1037.0,1037.0,1025.05,246,252162.0,6,130,52.85,1,2018,0.0009652509652509078,Slight
508,MUTHOOTFIN,NF,2018-01-10,996.61,999.0,999.0,999.0,999.0,999.0,999.0,8,7992.0,1,8,100.0,1,2018,-0.03664416586306651,Slight
509,MUTHOOTFIN,NG,2018-01-10,1037.0,998.1,1010.0,998.1,1010.0,1010.0,998.77,106,105870.0,3,106,100.0,1,2018,0.011011011011011096,Slight
511,MUTHOOTFIN,NF,2018-01-11,999.0,1020.0,1020.0,1020.0,1020.0,1020.0,1020.0,130,132600.0,1,130,100.0,1,2018,0.00990099009900991,Slight
512,MUTHOOTFIN,NG,2018-01-11,1010.0,1001.1,1037.98,972.0,1037.96,1037.96,996.27,553,550935.01,9,546,98.73,1,2018,0.01760784313725483,Slight
514,MUTHOOTFIN,NG,2018-01-12,1037.96,1002.61,1002.61,1002.61,1002.61,1002.61,1002.61,250,250652.5,1,250,100.0,1,2018,-0.034057189101699525,Slight
516,MUTHOOTFIN,NG,2018-01-15,1002.61,972.31,1033.99,972.3,1033.99,1033.99,982.59,300,294776.5,3,250,83.33,1,2018,0.031298311407227164,Slight
518,MUTHOOTFIN,NG,2018-01-16,1033.99,983.15,1018.98,983.06,998.0,998.0,993.99,456,453257.36,12,454,99.56,1,2018,-0.03480691302623817,Slight
520,MUTHOOTFIN,NB,2018-01-17,1856.01,1871.9,1871.9,1871.9,1871.9,1871.9,1871.9,10,18719.0,1,10,100.0,1,2018,0.8756513026052104,Slight positive
521,MUTHOOTFIN,NG,2018-01-17,998.0,995.0,1016.95,986.2,1016.95,1016.95,994.14,515,511980.25,5,515,100.0,1,2018,-0.4567284577167584,Slight
523,MUTHOOTFIN,NG,2018-01-18,1016.95,996.25,996.25,996.22,996.22,996.22,996.23,100,99622.6,2,100,100.0,1,2018,-0.020384483012930832,Slight
525,MUTHOOTFIN,NF,2018-01-19,1020.0,999.0,1018.0,995.0,1018.0,1018.0,1007.12,102,102726.5,6,82,80.39,1,2018,0.021862640782156495,Slight
526,MUTHOOTFIN,NG,2018-01-19,996.22,998.11,999.0,998.1,998.2,998.2,998.19,300,299458.1,4,300,100.0,1,2018,-0.01944990176817285,Slight
528,MUTHOOTFIN,NG,2018-01-22,998.2,998.2,998.2,998.2,998.2,998.2,998.2,2,1996.4,1,2,100.0,1,2018,0.0,Slight
530,MUTHOOTFIN,NG,2018-01-23,998.2,1020.0,1020.0,1020.0,1020.0,1020.0,1020.0,161,164220.0,4,161,100.0,1,2018,0.021839310759366848,Slight
532,MUTHOOTFIN,NG,2018-01-24,1020.0,1000.25,1000.25,1000.25,1000.25,1000.25,1000.25,24,24006.0,1,24,100.0,1,2018,-0.019362745098039258,Slight
534,MUTHOOTFIN,NB,2018-01-25,1871.9,1860.25,1860.25,1860.25,1860.25,1860.25,1860.25,52,96733.0,3,52,100.0,1,2018,0.8597850537365659,Slight positive
536,MUTHOOTFIN,NB,2018-01-29,1860.25,1860.75,1860.75,1860.75,1860.75,1860.75,1860.75,15,27911.25,1,15,100.0,1,2018,0.00026878107781214133,Slight
539,MUTHOOTFIN,NB,2018-01-31,1860.75,1861.05,1861.05,1853.2,1853.2,1853.2,1860.35,110,204638.5,5,110,100.0,1,2018,-0.004057503694746667,Slight
540,MUTHOOTFIN,NF,2018-01-31,1018.0,995.01,995.01,995.01,995.01,995.01,995.01,50,49750.5,1,50,100.0,1,2018,-0.4630854737750918,Slight
542,MUTHOOTFIN,NB,2018-02-01,1853.2,1855.25,1885.0,1855.25,1855.25,1855.25,1859.5,7,13016.5,3,5,71.43,2,2018,0.86455412508417,Slight positive
543,MUTHOOTFIN,NG,2018-02-01,1000.25,1000.25,1000.25,998.3,998.3,998.3,999.08,125,124885.0,2,125,100.0,2,2018,-0.46190540358442256,Slight
545,MUTHOOTFIN,NF,2018-02-02,995.01,1000.0,1000.0,995.0,995.0,995.0,997.5,200,199500.0,3,200,100.0,2,2018,-0.003305619553240491,Slight
546,MUTHOOTFIN,NG,2018-02-02,998.3,996.5,996.5,996.26,996.26,996.26,996.3,58,57785.48,2,58,100.0,2,2018,0.0012663316582914863,Slight
548,MUTHOOTFIN,NB,2018-02-05,1855.25,1860.0,1880.0,1860.0,1860.0,1860.0,1865.0,40,74600.0,5,35,87.5,2,2018,0.8669825146046213,Slight positive
549,MUTHOOTFIN,NF,2018-02-05,995.0,1000.0,1000.0,1000.0,1000.0,1000.0,1000.0,50,50000.0,1,50,100.0,2,2018,-0.4623655913978495,Slight
551,MUTHOOTFIN,NB,2018-02-06,1860.0,1855.0,1855.0,1855.0,1855.0,1855.0,1855.0,19,35245.0,1,19,100.0,2,2018,0.855,Slight positive
552,MUTHOOTFIN,NF,2018-02-06,1000.0,1000.0,1000.0,1000.0,1000.0,1000.0,1000.0,50,50000.0,1,50,100.0,2,2018,-0.46091644204851756,Slight
555,MUTHOOTFIN,NB,2018-02-08,1855.0,1855.0,1855.0,1855.0,1855.0,1855.0,1855.0,20,37100.0,1,20,100.0,2,2018,0.855,Slight positive
557,MUTHOOTFIN,NF,2018-02-09,1000.0,1002.0,1002.0,1002.0,1002.0,1002.0,1002.0,25,25050.0,2,25,100.0,2,2018,-0.45983827493261453,Slight
559,MUTHOOTFIN,NF,2018-02-12,1002.0,996.0,996.0,995.0,995.0,995.0,995.11,100,99510.75,4,100,100.0,2,2018,-0.006986027944111739,Slight
562,MUTHOOTFIN,NG,2018-02-15,996.26,1001.0,1001.0,1001.0,1001.0,1001.0,1001.0,10,10010.0,1,10,100.0,2,2018,0.0060301507537687815,Slight
564,MUTHOOTFIN,NB,2018-02-16,1855.0,1851.25,1851.25,1851.25,1851.25,1851.25,1851.25,30,55537.5,1,30,100.0,2,2018,0.8494005994005993,Slight positive
572,MUTHOOTFIN,NG,2018-02-27,1001.0,1000.0,1000.0,1000.0,1000.0,1000.0,1000.0,50,50000.0,1,50,100.0,2,2018,-0.45982444294395675,Slight
574,MUTHOOTFIN,NB,2018-02-28,1851.25,1856.55,1856.55,1856.55,1856.55,1856.55,1856.55,95,176372.25,2,95,100.0,2,2018,0.8565499999999999,Slight positive
577,MUTHOOTFIN,NB,2018-03-05,1856.55,1879.9,1879.9,1879.9,1879.9,1879.9,1879.9,10,18799.0,1,10,100.0,3,2018,0.01257709191780454,Slight
578,MUTHOOTFIN,NF,2018-03-05,995.0,995.0,999.98,994.0,994.0,994.0,994.92,450,447712.0,13,400,88.89,3,2018,-0.4712484706633332,Slight
579,MUTHOOTFIN,NG,2018-03-05,1000.0,1000.0,1004.0,999.02,1004.0,1004.0,999.38,604,603626.58,7,604,100.0,3,2018,0.010060362173038184,Slight
581,MUTHOOTFIN,NG,2018-03-06,1004.0,1004.0,1004.0,1004.0,1004.0,1004.0,1004.0,45,45180.0,1,45,100.0,3,2018,0.0,Slight
583,MUTHOOTFIN,NB,2018-03-07,1879.9,1879.9,1880.0,1879.9,1880.0,1880.0,1879.96,25,46999.0,2,25,100.0,3,2018,0.8725099601593624,Slight positive
587,MUTHOOTFIN,NB,2018-03-12,1880.0,1880.0,1880.0,1880.0,1880.0,1880.0,1880.0,10,18800.0,1,10,100.0,3,2018,0.0,Slight
589,MUTHOOTFIN,NB,2018-03-13,1880.0,1870.08,1870.08,1870.08,1870.08,1870.08,1870.08,10,18700.8,1,10,100.0,3,2018,-0.0052765957446808676,Slight
591,MUTHOOTFIN,NB,2018-03-14,1870.08,1882.0,1883.99,1880.0,1883.99,1882.91,1882.61,112,210852.73,6,112,100.0,3,2018,0.006860669062286107,Slight
592,MUTHOOTFIN,NG,2018-03-14,1004.0,1010.0,1010.0,1010.0,1010.0,1010.0,1010.0,10,10100.0,1,10,100.0,3,2018,-0.463596241987137,Slight
594,MUTHOOTFIN,NB,2018-03-15,1882.91,1886.0,1886.0,1886.0,1886.0,1886.0,1886.0,45,84870.0,2,45,100.0,3,2018,0.8673267326732674,Slight positive
596,MUTHOOTFIN,NB,2018-03-16,1886.0,1882.0,1882.0,1882.0,1882.0,1882.0,1882.0,10,18820.0,1,10,100.0,3,2018,-0.0021208907741251393,Slight
597,MUTHOOTFIN,NF,2018-03-16,994.0,982.2,982.2,982.2,982.2,982.2,982.2,130,127686.0,1,130,100.0,3,2018,-0.4781083953241233,Slight
598,MUTHOOTFIN,NG,2018-03-16,1010.0,994.12,994.12,994.12,994.12,994.12,994.12,100,99412.0,1,100,100.0,3,2018,0.012136021176949674,Slight
600,MUTHOOTFIN,NB,2018-03-19,1882.0,1882.0,1890.25,1882.0,1886.0,1886.0,1888.53,113,213403.5,7,113,100.0,3,2018,0.897155273005271,Slight positive
602,MUTHOOTFIN,NB,2018-03-20,1886.0,1890.0,1890.0,1887.0,1887.0,1887.0,1888.24,80,151059.0,3,80,100.0,3,2018,0.0005302226935313126,Slight
603,MUTHOOTFIN,NG,2018-03-20,994.12,995.02,995.02,994.0,994.0,994.0,994.84,285,283530.8,4,285,100.0,3,2018,-0.4732379438261791,Slight
608,MUTHOOTFIN,NB,2018-03-26,1887.0,1885.0,1885.0,1885.0,1885.0,1885.0,1885.0,35,65975.0,2,35,100.0,3,2018,0.8963782696177063,Slight positive
609,MUTHOOTFIN,NF,2018-03-26,982.2,980.0,980.0,980.0,980.0,980.0,980.0,10,9800.0,1,10,100.0,3,2018,-0.480106100795756,Slight
612,MUTHOOTFIN,NB,2018-03-28,1885.0,1890.0,1890.0,1885.0,1885.0,1885.0,1885.78,320,603450.0,7,320,100.0,3,2018,0.9234693877551021,Slight positive
614,MUTHOOTFIN,NB,2018-04-02,1885.0,1885.0,1885.0,1885.0,1885.0,1885.0,1885.0,80,150800.0,2,80,100.0,4,2018,0.0,Slight
619,MUTHOOTFIN,NB,2018-04-06,1885.0,1885.0,1898.0,1885.0,1898.0,1898.0,1896.03,33,62569.0,2,33,100.0,4,2018,0.006896551724137945,Slight
621,MUTHOOTFIN,NB,2018-04-09,1898.0,1900.0,1900.0,1900.0,1900.0,1900.0,1900.0,50,95000.0,1,50,100.0,4,2018,0.0010537407797681642,Slight
625,MUTHOOTFIN,NG,2018-04-12,994.0,1004.0,1004.0,1004.0,1004.0,1004.0,1004.0,100,100400.0,1,100,100.0,4,2018,-0.4715789473684211,Slight
627,MUTHOOTFIN,NB,2018-04-13,1900.0,1899.99,1899.99,1892.0,1892.0,1892.0,1893.6,5,9467.99,2,5,100.0,4,2018,0.8844621513944224,Slight positive
629,MUTHOOTFIN,NB,2018-04-16,1892.0,1891.0,1925.0,1890.05,1903.99,1903.99,1915.53,164,314147.21,4,150,91.46,4,2018,0.006337209302325508,Slight
630,MUTHOOTFIN,NF,2018-04-16,980.0,992.05,992.5,992.05,992.5,992.24,992.24,96,95255.25,6,96,100.0,4,2018,-0.4788628091534094,Slight
631,MUTHOOTFIN,NG,2018-04-16,1004.0,1000.0,1002.0,999.0,1002.0,1002.0,1001.33,729,729971.0,8,729,100.0,4,2018,0.009836329920180686,Slight
642,MUTHOOTFIN,NB,2018-04-30,1903.99,1900.0,1900.0,1900.0,1900.0,1900.0,1900.0,30,57000.0,1,30,100.0,4,2018,0.8962075848303392,Slight positive
643,MUTHOOTFIN,NG,2018-04-30,1002.0,999.1,999.1,999.1,999.1,999.1,999.1,6,5994.6,1,6,100.0,4,2018,-0.4741578947368421,Slight
645,MUTHOOTFIN,NF,2018-05-02,992.24,1000.0,1000.0,1000.0,1000.0,1000.0,1000.0,50,50000.0,2,50,100.0,5,2018,0.0009008107296566426,Slight
647,MUTHOOTFIN,NF,2018-05-03,1000.0,1000.0,1000.0,1000.0,1000.0,1000.0,1000.0,2,2000.0,1,2,100.0,5,2018,0.0,Slight
649,MUTHOOTFIN,NG,2018-05-04,999.1,995.25,995.25,995.0,995.0,995.0,995.17,600,597099.0,4,600,100.0,5,2018,-0.0050000000000000044,Slight
651,MUTHOOTFIN,NB,2018-05-07,1900.0,1929.99,1929.99,1929.99,1929.99,1929.99,1929.99,1,1929.99,1,1,100.0,5,2018,0.9396884422110552,Slight positive
652,MUTHOOTFIN,NG,2018-05-07,995.0,1007.0,1007.0,1007.0,1007.0,1007.0,1007.0,1,1007.0,1,1,100.0,5,2018,-0.47823563852662454,Slight
654,MUTHOOTFIN,NF,2018-05-08,1000.0,991.15,998.05,991.15,998.05,998.05,994.6,10,9946.0,2,5,50.0,5,2018,-0.008887785501489609,Slight
657,MUTHOOTFIN,NF,2018-05-10,998.05,1003.0,1003.0,1001.0,1002.9,1002.9,1001.55,53,53082.4,5,50,94.34,5,2018,0.004859475978157501,Slight
659,MUTHOOTFIN,NB,2018-05-11,1929.99,1895.05,1895.05,1895.05,1895.05,1895.05,1895.05,30,56851.5,1,30,100.0,5,2018,0.8895702462857713,Slight positive
660,MUTHOOTFIN,NG,2018-05-11,1007.0,996.2,1002.0,996.2,1002.0,1002.0,996.28,142,141472.0,3,140,98.59,5,2018,-0.47125405662119735,Slight
664,MUTHOOTFIN,NF,2018-05-16,1002.9,997.3,997.3,997.3,997.3,997.3,997.3,10,9973.0,1,10,100.0,5,2018,-0.004690618762475118,Slight
667,MUTHOOTFIN,NG,2018-05-18,1002.0,995.4,995.4,995.25,995.25,995.3,995.3,148,147304.5,2,148,100.0,5,2018,-0.0020054146194725675,Slight
669,MUTHOOTFIN,NB,2018-05-21,1895.05,1987.0,1987.0,1910.0,1910.0,1910.0,1971.38,120,236565.0,5,105,87.5,5,2018,0.9190193911383504,Slight positive
670,MUTHOOTFIN,NG,2018-05-21,995.3,996.1,996.1,996.0,996.0,996.07,996.07,68,67733.0,2,68,100.0,5,2018,-0.4784973821989529,Slight
673,MUTHOOTFIN,NB,2018-05-23,1910.0,1905.0,1905.0,1905.0,1905.0,1905.0,1905.0,500,952500.0,3,500,100.0,5,2018,0.9125161886212816,Slight positive
674,MUTHOOTFIN,NF,2018-05-23,997.3,1000.0,1000.0,901.01,901.01,901.01,913.38,40,36535.35,2,40,100.0,5,2018,-0.5270288713910761,Slight negative
676,MUTHOOTFIN,NB,2018-05-24,1905.0,1904.05,1904.05,1904.05,1904.05,1904.05,1904.05,20,38081.0,1,20,100.0,5,2018,1.1132395866860523,Positive
677,MUTHOOTFIN,NF,2018-05-24,901.01,1009.0,1009.0,1009.0,1009.0,1009.0,1009.0,10,10090.0,1,10,100.0,5,2018,-0.47007694125679467,Slight
679,MUTHOOTFIN,NB,2018-05-25,1904.05,1904.55,1904.55,1904.55,1904.55,1904.55,1904.55,15,28568.25,2,15,100.0,5,2018,0.8875619425173438,Slight positive
682,MUTHOOTFIN,NB,2018-05-29,1904.55,1907.25,1910.0,1907.25,1910.0,1910.0,1908.28,40,76331.25,3,40,100.0,5,2018,0.0028615683494788158,Slight
683,MUTHOOTFIN,NF,2018-05-29,1009.0,1017.0,1018.99,1017.0,1018.99,1018.99,1018.0,2,2035.99,2,1,50.0,5,2018,-0.46649738219895287,Slight
684,MUTHOOTFIN,NG,2018-05-29,996.07,1009.1,1009.1,1009.1,1009.1,1009.1,1009.1,1,1009.1,1,1,100.0,5,2018,-0.009705688966525683,Slight
689,MUTHOOTFIN,NB,2018-06-04,1910.0,1909.81,1909.81,1909.81,1909.81,1909.81,1909.81,100,190981.0,2,100,100.0,6,2018,0.8925874541670795,Slight positive
691,MUTHOOTFIN,NB,2018-06-05,1909.81,1909.15,1909.15,1909.15,1909.15,1909.15,1909.15,50,95457.5,2,50,100.0,6,2018,-0.00034558411569729497,Slight
693,MUTHOOTFIN,NG,2018-06-06,1009.1,1020.0,1020.0,1020.0,1020.0,1020.0,1020.0,2,2040.0,1,2,100.0,6,2018,-0.4657308226173952,Slight
697,MUTHOOTFIN,NF,2018-06-11,1018.99,1013.0,1013.5,1013.0,1013.5,1013.5,1013.25,2,2026.5,2,1,50.0,6,2018,-0.0063725490196078205,Slight
701,MUTHOOTFIN,NF,2018-06-14,1013.5,1000.0,1000.0,1000.0,1000.0,1000.0,1000.0,9,9000.0,1,9,100.0,6,2018,-0.013320177602368033,Slight
703,MUTHOOTFIN,NF,2018-06-15,1000.0,1007.0,1007.0,1000.81,1001.0,1001.0,1002.94,3,3008.81,3,3,100.0,6,2018,0.0009999999999998899,Slight
705,MUTHOOTFIN,NB,2018-06-18,1909.15,1915.16,1915.68,1915.16,1915.68,1915.68,1915.19,116,222161.68,3,116,100.0,6,2018,0.9137662337662338,Slight positive
707,MUTHOOTFIN,NB,2018-06-19,1915.68,1918.05,1918.05,1918.05,1918.05,1918.05,1918.05,50,95902.5,1,50,100.0,6,2018,0.0012371586068653517,Slight
710,MUTHOOTFIN,NF,2018-06-21,1001.0,1020.0,1020.0,1015.0,1015.0,1018.33,1018.33,3,3055.0,2,3,100.0,6,2018,-0.46908057662730374,Slight
712,MUTHOOTFIN,NF,2018-06-22,1018.33,995.0,995.0,995.0,995.0,995.0,995.0,10,9950.0,1,10,100.0,6,2018,-0.022910058625396523,Slight
717,MUTHOOTFIN,NF,2018-06-28,995.0,1004.5,1004.5,1004.5,1004.5,1004.5,1004.5,1,1004.5,1,1,100.0,6,2018,0.009547738693467256,Slight
720,MUTHOOTFIN,NF,2018-07-02,1004.5,995.0,995.0,995.0,995.0,995.0,995.0,9,8955.0,1,9,100.0,7,2018,-0.009457441513190612,Slight
724,MUTHOOTFIN,NG,2018-07-05,1020.0,1000.0,1000.0,1000.0,1000.0,1000.0,1000.0,10,10000.0,2,10,100.0,7,2018,0.005025125628140614,Slight
726,MUTHOOTFIN,NB,2018-07-06,1918.05,1928.0,1928.0,1928.0,1928.0,1928.0,1928.0,10,19280.0,1,10,100.0,7,2018,0.9279999999999999,Slight positive
729,MUTHOOTFIN,NB,2018-07-10,1928.0,1928.0,1928.05,1928.0,1928.0,1928.01,1928.01,60,115680.5,3,60,100.0,7,2018,5.186721991679022e-06,Slight
734,MUTHOOTFIN,NB,2018-07-16,1928.01,1935.0,1936.0,1935.0,1936.0,1936.0,1935.26,34,65799.0,2,34,100.0,7,2018,0.004144169376714801,Slight
737,MUTHOOTFIN,NF,2018-07-18,995.0,997.1,997.1,997.1,997.1,997.1,997.1,50,49855.0,1,50,100.0,7,2018,-0.48496900826446276,Slight
738,MUTHOOTFIN,NG,2018-07-18,1000.0,1000.0,1000.0,1000.0,1000.0,1000.0,1000.0,20,20000.0,1,20,100.0,7,2018,0.0029084344599337175,Slight
740,MUTHOOTFIN,NF,2018-07-19,997.1,1000.0,1000.0,997.1,997.1,997.1,997.24,105,104710.0,2,105,100.0,7,2018,-0.0029000000000000137,Slight
741,MUTHOOTFIN,NG,2018-07-19,1000.0,1000.0,1000.0,1000.0,1000.0,1000.0,1000.0,150,150000.0,1,150,100.0,7,2018,0.0029084344599337175,Slight
747,MUTHOOTFIN,NF,2018-07-26,997.1,1005.0,1005.0,1005.0,1005.0,1005.0,1005.0,2,2010.0,1,2,100.0,7,2018,0.004999999999999893,Slight
750,MUTHOOTFIN,NG,2018-07-30,1000.0,975.0,975.0,975.0,975.0,975.0,975.0,6,5850.0,1,6,100.0,7,2018,-0.02985074626865669,Slight
753,MUTHOOTFIN,NF,2018-08-01,1005.0,1003.0,1003.0,1003.0,1003.0,1003.0,1003.0,60,60180.0,1,60,100.0,8,2018,0.02871794871794875,Slight
755,MUTHOOTFIN,NF,2018-08-02,1003.0,1001.0,1001.0,1001.0,1001.0,1001.0,1001.0,1,1001.0,1,1,100.0,8,2018,-0.001994017946161497,Slight
756,MUTHOOTFIN,NG,2018-08-02,975.0,1008.0,1008.0,1008.0,1008.0,1008.0,1008.0,5,5040.0,1,5,100.0,8,2018,0.006993006993007089,Slight
758,MUTHOOTFIN,NB,2018-08-03,1936.0,1941.0,1950.0,1941.0,1950.0,1950.0,1941.13,710,1378200.0,2,710,100.0,8,2018,0.9345238095238095,Slight positive
759,MUTHOOTFIN,NF,2018-08-03,1001.0,999.0,999.0,997.0,998.0,998.03,997.82,735,733394.2,9,600,81.63,8,2018,-0.48818974358974365,Slight
760,MUTHOOTFIN,NG,2018-08-03,1008.0,976.05,976.05,976.05,976.05,976.05,976.05,1,976.05,1,1,100.0,8,2018,-0.02202338607055898,Slight
762,MUTHOOTFIN,NF,2018-08-06,998.03,995.0,1008.0,995.0,1008.0,1008.0,996.86,70,69780.0,2,60,85.71,8,2018,0.032733978792070184,Slight
764,MUTHOOTFIN,NB,2018-08-07,1950.0,1867.5,1948.0,1867.5,1947.97,1947.97,1901.99,35,66569.64,4,35,100.0,8,2018,0.9325099206349206,Slight positive
765,MUTHOOTFIN,NF,2018-08-07,1008.0,1006.5,1006.5,1006.5,1006.5,1006.5,1006.5,10,10065.0,1,10,100.0,8,2018,-0.4833082645009934,Slight
767,MUTHOOTFIN,NG,2018-08-08,976.05,997.05,997.05,990.0,990.0,990.0,993.12,135,134071.5,5,135,100.0,8,2018,-0.016393442622950838,Slight
769,MUTHOOTFIN,NF,2018-08-09,1006.5,995.5,995.5,995.5,995.5,995.5,995.5,9,8959.5,1,9,100.0,8,2018,0.005555555555555536,Slight
772,MUTHOOTFIN,NB,2018-08-13,1947.97,1950.0,1965.0,1950.0,1965.0,1965.0,1950.54,830,1618950.0,2,830,100.0,8,2018,0.9738824711200402,Slight positive
773,MUTHOOTFIN,NG,2018-08-13,990.0,992.9,992.9,992.9,992.9,992.9,992.9,4,3971.6,1,4,100.0,8,2018,-0.49470737913486007,Slight
775,MUTHOOTFIN,NB,2018-08-14,1965.0,1959.0,1959.0,1959.0,1959.0,1959.0,1959.0,22,43098.0,1,22,100.0,8,2018,0.973008359351395,Slight positive
777,MUTHOOTFIN,NB,2018-08-16,1959.0,1959.0,1959.0,1959.0,1959.0,1959.0,1959.0,25,48975.0,1,25,100.0,8,2018,0.0,Slight
781,MUTHOOTFIN,NB,2018-08-21,1959.0,1951.15,1951.15,1951.15,1951.15,1951.15,1951.15,4,7804.6,1,4,100.0,8,2018,-0.004007146503318015,Slight
782,MUTHOOTFIN,NF,2018-08-21,995.5,981.0,981.0,981.0,981.0,981.0,981.0,27,26487.0,1,27,100.0,8,2018,-0.4972195884478384,Slight
784,MUTHOOTFIN,NB,2018-08-23,1951.15,1952.05,1952.15,1951.05,1952.15,1952.15,1951.82,352,687041.8,3,352,100.0,8,2018,0.9899592252803262,Slight positive
786,MUTHOOTFIN,NF,2018-08-24,981.0,998.0,1020.0,998.0,1020.0,1020.0,1002.78,18,18050.0,3,16,88.89,8,2018,-0.4774991675844582,Slight
787,MUTHOOTFIN,NG,2018-08-24,992.9,1000.0,1000.0,1000.0,1000.0,1000.0,1000.0,250,250000.0,3,250,100.0,8,2018,-0.019607843137254943,Slight
789,MUTHOOTFIN,NB,2018-08-27,1952.15,1953.0,1953.0,1953.0,1953.0,1953.0,1953.0,30,58590.0,1,30,100.0,8,2018,0.9530000000000001,Slight positive
790,MUTHOOTFIN,NF,2018-08-27,1020.0,920.01,997.0,920.01,997.0,997.0,958.51,4,3834.02,2,2,50.0,8,2018,-0.4895033282130057,Slight
793,MUTHOOTFIN,NF,2018-08-29,997.0,1000.0,1000.0,1000.0,1000.0,1000.0,1000.0,10,10000.0,1,10,100.0,8,2018,0.0030090270812437314,Slight
795,MUTHOOTFIN,NF,2018-08-30,1000.0,994.5,994.5,994.5,994.5,994.5,994.5,25,24862.5,1,25,100.0,8,2018,-0.005499999999999949,Slight
797,MUTHOOTFIN,NG,2018-08-31,1000.0,998.0,1000.0,998.0,1000.0,1000.0,998.04,102,101800.0,2,100,98.04,8,2018,0.005530417295123158,Slight
800,MUTHOOTFIN,NG,2018-09-04,1000.0,1002.0,1003.0,1000.01,1003.0,1003.0,1002.62,629,630645.74,8,594,94.44,9,2018,0.0029999999999998916,Slight
802,MUTHOOTFIN,NF,2018-09-05,994.5,1000.0,1002.5,1000.0,1002.5,1002.5,1000.36,96,96035.0,2,96,100.0,9,2018,-0.0004985044865404298,Slight
804,MUTHOOTFIN,NB,2018-09-06,1953.0,1962.66,1962.66,1962.01,1962.01,1962.01,1962.56,60,117753.55,3,60,100.0,9,2018,0.9571172069825435,Slight positive
805,MUTHOOTFIN,NF,2018-09-06,1002.5,1008.9,1008.9,1008.9,1008.9,1008.9,1008.9,50,50445.0,1,50,100.0,9,2018,-0.4857824373983822,Slight
808,MUTHOOTFIN,NB,2018-09-10,1962.01,1960.1,1970.0,1960.1,1970.0,1970.0,1967.34,41,80661.1,2,41,100.0,9,2018,0.952621667162256,Slight positive
810,MUTHOOTFIN,NB,2018-09-11,1970.0,1965.01,1968.99,1965.01,1968.99,1968.99,1966.53,324,637156.76,3,324,100.0,9,2018,-0.00051269035532997,Slight
811,MUTHOOTFIN,NF,2018-09-11,1008.9,1005.0,1009.8,1005.0,1005.0,1005.0,1005.69,70,70398.0,5,70,100.0,9,2018,-0.48958603141712254,Slight
812,MUTHOOTFIN,NG,2018-09-11,1003.0,998.0,1004.0,998.0,1004.0,1004.0,1003.99,527,529102.0,2,526,99.81,9,2018,-0.0009950248756218638,Slight
815,MUTHOOTFIN,NF,2018-09-14,1005.0,1011.0,1011.0,1011.0,1011.0,1011.0,1011.0,100,101100.0,1,100,100.0,9,2018,0.006972111553784854,Slight
817,MUTHOOTFIN,NB,2018-09-17,1968.99,1965.25,1975.9,1965.25,1975.7,1975.78,1972.42,65,128207.0,6,65,100.0,9,2018,0.9542828882294758,Slight positive
819,MUTHOOTFIN,NB,2018-09-18,1975.78,1974.0,1975.01,1974.0,1975.0,1975.0,1974.51,205,404775.1,7,205,100.0,9,2018,-0.00039478079543264766,Slight
820,MUTHOOTFIN,NF,2018-09-18,1011.0,991.01,994.01,991.01,994.01,994.01,991.67,128,126933.28,2,128,100.0,9,2018,-0.49670379746835447,Slight
822,MUTHOOTFIN,NB,2018-09-19,1975.0,1977.0,1977.0,1977.0,1977.0,1977.0,1977.0,20,39540.0,1,20,100.0,9,2018,0.9889135924185875,Slight positive
823,MUTHOOTFIN,NF,2018-09-19,994.01,1094.95,1094.95,995.01,995.01,995.01,1025.62,80,82049.8,4,80,100.0,9,2018,-0.4967071320182094,Slight
825,MUTHOOTFIN,NB,2018-09-21,1977.0,1976.0,1976.0,1962.0,1962.05,1962.05,1967.65,193,379757.0,10,173,89.64,9,2018,0.9718897297514597,Slight positive
826,MUTHOOTFIN,NG,2018-09-21,1004.0,995.0,1001.0,995.0,998.05,998.05,997.88,140,139702.5,6,120,85.71,9,2018,-0.49132285109961515,Slight
828,MUTHOOTFIN,NB,2018-09-24,1962.05,1977.99,1978.0,1977.99,1978.0,1978.0,1978.0,50,98899.8,2,50,100.0,9,2018,0.9818646360402787,Slight positive
829,MUTHOOTFIN,NF,2018-09-24,995.01,995.05,995.05,995.05,995.05,995.05,995.05,56,55722.8,1,56,100.0,9,2018,-0.4969413549039434,Slight
831,MUTHOOTFIN,NB,2018-09-25,1978.0,1977.9,1978.0,1888.0,1973.0,1973.94,1965.49,646,1269708.45,21,595,92.11,9,2018,0.9837596100698458,Slight positive
833,MUTHOOTFIN,NB,2018-09-26,1973.94,1975.0,1975.0,1975.0,1975.0,1975.0,1975.0,8,15800.0,1,8,100.0,9,2018,0.0005369970718460682,Slight
835,MUTHOOTFIN,NG,2018-09-27,998.05,995.0,995.0,995.0,995.0,995.0,995.0,50,49750.0,1,50,100.0,9,2018,-0.4962025316455696,Slight
838,MUTHOOTFIN,NB,2018-10-01,1975.0,1983.0,1983.0,1961.0,1961.0,1961.43,1961.43,102,200066.0,3,100,98.04,10,2018,0.9712864321608041,Slight positive
840,MUTHOOTFIN,NB,2018-10-03,1961.43,1972.25,1980.55,1961.01,1980.55,1980.55,1971.52,40,78860.6,3,30,75.0,10,2018,0.009747989986897299,Slight
842,MUTHOOTFIN,NB,2018-10-04,1980.55,1980.55,1981.0,1980.55,1981.0,1981.0,1980.9,129,255535.5,4,129,100.0,10,2018,0.00022720961349120827,Slight
843,MUTHOOTFIN,NG,2018-10-04,995.0,1000.0,1000.0,980.0,1000.0,1000.0,992.18,238,236140.0,15,145,60.92,10,2018,-0.49520444220090865,Slight
845,MUTHOOTFIN,NB,2018-10-05,1981.0,1983.0,1983.0,1983.0,1983.0,1983.0,1983.0,21,41643.0,1,21,100.0,10,2018,0.9830000000000001,Slight positive
846,MUTHOOTFIN,NG,2018-10-05,1000.0,1000.0,1000.0,1000.0,1000.0,1000.0,1000.0,100,100000.0,2,100,100.0,10,2018,-0.49571356530509325,Slight
848,MUTHOOTFIN,NB,2018-10-08,1983.0,1981.0,1983.0,1980.01,1981.0,1981.0,1980.56,101,200036.85,6,71,70.3,10,2018,0.9810000000000001,Slight positive
849,MUTHOOTFIN,NG,2018-10-08,1000.0,1000.0,1000.11,1000.0,1000.11,1000.11,1000.04,159,159005.61,4,159,100.0,10,2018,-0.4951489146895507,Slight
851,MUTHOOTFIN,NB,2018-10-09,1981.0,1983.0,1986.0,1983.0,1983.0,1984.5,1983.54,56,111078.0,4,56,100.0,10,2018,0.9842817290098089,Slight positive
852,MUTHOOTFIN,NG,2018-10-09,1000.11,997.0,997.0,997.0,997.0,997.0,997.0,23,22931.0,1,23,100.0,10,2018,-0.49760644998740233,Slight
854,MUTHOOTFIN,NB,2018-10-10,1984.5,1981.0,1985.0,1981.0,1985.0,1985.0,1982.15,193,382555.0,5,193,100.0,10,2018,0.9909729187562688,Slight positive
855,MUTHOOTFIN,NG,2018-10-10,997.0,1000.0,1000.0,1000.0,1000.0,1000.0,1000.0,55,55000.0,2,55,100.0,10,2018,-0.49622166246851385,Slight
857,MUTHOOTFIN,NB,2018-10-11,1985.0,1985.0,1985.0,1985.0,1985.0,1985.0,1985.0,16,31760.0,1,16,100.0,10,2018,0.9850000000000001,Slight positive
862,MUTHOOTFIN,NG,2018-10-17,1000.0,996.0,996.0,996.0,996.0,996.0,996.0,150,149400.0,1,150,100.0,10,2018,-0.4982367758186398,Slight
864,MUTHOOTFIN,NG,2018-10-19,996.0,997.01,997.01,997.01,997.01,997.01,997.01,100,99701.0,2,100,100.0,10,2018,0.0010140562248996954,Slight
871,MUTHOOTFIN,NG,2018-10-29,997.01,995.0,995.0,995.0,995.0,995.0,995.0,800,796000.0,2,800,100.0,10,2018,-0.0020160279234912037,Slight
873,MUTHOOTFIN,NG,2018-10-30,995.0,1004.0,1004.0,1004.0,1004.0,1004.0,1004.0,50,50200.0,1,50,100.0,10,2018,0.009045226130653283,Slight
881,MUTHOOTFIN,NG,2018-11-09,1004.0,1000.0,1003.05,1000.0,1003.05,1003.05,1002.87,53,53151.95,24,51,96.23,11,2018,-0.0009462151394422635,Slight
893,MUTHOOTFIN,NG,2018-11-27,1003.05,1000.0,1000.0,1000.0,1000.0,1000.0,1000.0,51,51000.0,2,51,100.0,11,2018,-0.003040725786351617,Slight
895,MUTHOOTFIN,NG,2018-11-28,1000.0,996.05,996.05,996.0,996.0,996.0,996.0,400,398400.5,4,400,100.0,11,2018,-0.0040000000000000036,Slight
912,MUTHOOTFIN,NG,2018-12-20,996.0,998.99,998.99,996.0,996.0,996.0,998.73,1900,1897583.0,4,1900,100.0,12,2018,0.0,Slight
919,MUTHOOTFIN,NG,2018-12-31,996.0,1010.0,1010.0,1000.0,1000.0,1000.0,1001.67,12,12020.0,3,12,100.0,12,2018,0.004016064257028162,Slight
