Symbol,Series,Date,Prev_Close,Open_Price,High_Price,Low_Price,Last_Price,Close_Price,Average_Price,Total_Traded_Quantity,Turnover,No_of_Trades,Deliverable_Qty,Percentage_Dly_Qt_to_Traded_Qty,Year,Month,Day_Perc_Change,Trend
DRREDDY,EQ,2017-05-15,2580.8,2600.0,2699.0,2592.0,2667.5,2675.8,2655.42,946756,2.51403841675E9,60746,392469,41.45,2017,5,0.0,Slight
DRREDDY,EQ,2017-05-16,2675.8,2690.8,2734.0,2690.8,2717.5,2724.1,2721.18,440462,1.1985765047E9,27798,144587,32.83,2017,5,1.805067643321613,Positive
DRREDDY,EQ,2017-05-17,2724.1,2720.0,2760.0,2686.55,2738.0,2736.9,2731.48,409818,1.1194079725E9,25364,133595,32.6,2017,5,0.469879960353885,Slight
DRREDDY,EQ,2017-05-18,2736.9,2695.0,2719.85,2672.2,2681.1,2678.95,2693.81,282411,7.6076144205E8,22125,177774,62.95,2017,5,-2.1173590558661357,Negative
DRREDDY,EQ,2017-05-19,2678.95,2694.95,2694.95,2637.0,2654.8,2656.45,2659.44,260677,6.932555211E8,35605,152233,58.4,2017,5,-0.8398812967767223,Slight negative
DRREDDY,EQ,2017-05-22,2656.45,2680.0,2681.95,2602.1,2610.0,2608.7,2621.76,154462,4.049619041E8,21943,69055,44.71,2017,5,-1.7975117167648555,Negative
DRREDDY,EQ,2017-05-23,2608.7,2618.8,2618.8,2542.8,2585.0,2579.45,2573.2,284428,7.318912149E8,27875,139400,49.01,2017,5,-1.1212481312531146,Negative
DRREDDY,EQ,2017-05-24,2579.45,2573.0,2573.0,2510.0,2513.0,2516.8,2536.0,366315,9.28974589E8,40598,193026,52.69,2017,5,-2.42881234371667,Negative
DRREDDY,EQ,2017-05-25,2516.8,2507.4,2508.35,2398.0,2423.0,2427.7,2444.58,808310,1.97597706755E9,54917,431336,53.36,2017,5,-3.540209790209804,Among top losers
DRREDDY,EQ,2017-05-26,2427.7,2500.0,2509.95,2403.8,2419.95,2414.4,2435.38,721031,1.75598258305E9,38740,328084,45.5,2017,5,-0.5478436380112752,Slight negative
DRREDDY,EQ,2017-05-29,2414.4,2430.1,2465.0,2380.35,2415.8,2425.85,2428.14,543508,1.31971133405E9,38559,222097,40.86,2017,5,0.47423790589793813,Slight
DRREDDY,EQ,2017-05-30,2425.85,2419.95,2500.0,2416.15,2476.0,2481.35,2482.88,437985,1.0874624744E9,29802,190717,43.54,2017,5,2.287857864253767,Positive
DRREDDY,EQ,2017-05-31,2481.35,2490.0,2544.0,2464.0,2510.0,2523.85,2521.91,786086,1.98243496025E9,82413,548143,69.73,2017,5,1.712777318798235,Positive
DRREDDY,EQ,2017-06-01,2523.85,2540.0,2567.75,2513.9,2517.1,2522.8,2539.65,324502,8.241200548E8,23053,130170,40.11,2017,6,-0.041603106365264465,Slight
DRREDDY,EQ,2017-06-02,2522.8,2535.2,2574.8,2525.15,2548.35,2554.5,2554.08,293291,7.490880575E8,18438,163448,55.73,2017,6,1.2565403519898453,Positive
DRREDDY,EQ,2017-06-05,2554.5,2543.15,2568.0,2520.1,2531.0,2535.85,2543.32,224677,5.7142464045E8,17781,124681,55.49,2017,6,-0.7300841651986726,Slight negative
DRREDDY,EQ,2017-06-06,2535.85,2534.95,2565.5,2516.0,2546.25,2549.3,2541.61,172111,4.3743846715E8,14592,45718,26.56,2017,6,0.5303941479188545,Slight positive
DRREDDY,EQ,2017-06-07,2549.3,2538.0,2564.5,2516.05,2535.0,2540.65,2543.22,247189,6.286548536E8,16479,115767,46.83,2017,6,-0.33930882987487115,Slight
DRREDDY,EQ,2017-06-08,2540.65,2545.5,2666.25,2545.5,2634.0,2636.25,2632.9,845476,2.2260532632E9,48502,329752,39.0,2017,6,3.762816602050653,Among top gainers
DRREDDY,EQ,2017-06-09,2636.25,2650.0,2650.0,2602.0,2627.1,2628.8,2624.54,206211,5.4120902145E8,13688,53866,26.12,2017,6,-0.28259838786153885,Slight
DRREDDY,EQ,2017-06-12,2628.8,2626.3,2656.95,2617.05,2627.5,2630.25,2635.01,138429,3.647624637E8,19006,59581,43.04,2017,6,0.05515824710894012,Slight
DRREDDY,EQ,2017-06-13,2630.25,2633.2,2645.5,2612.05,2629.8,2626.7,2628.47,135916,3.5725068435E8,13501,59164,43.53,2017,6,-0.13496815892026165,Slight
DRREDDY,EQ,2017-06-14,2626.7,2668.0,2699.0,2645.4,2662.05,2669.3,2672.36,748839,2.00116921875E9,57350,234063,31.26,2017,6,1.6218068298625792,Positive
DRREDDY,EQ,2017-06-15,2669.3,2662.7,2720.95,2655.0,2699.0,2700.5,2700.86,694652,1.87615621065E9,24980,433148,62.35,2017,6,1.168845764807246,Positive
DRREDDY,EQ,2017-06-16,2700.5,2714.2,2718.15,2631.0,2680.1,2682.6,2669.56,370538,9.8917213385E8,32227,144362,38.96,2017,6,-0.6628402147750451,Slight negative
DRREDDY,EQ,2017-06-19,2682.6,2672.0,2672.0,2640.55,2649.0,2657.45,2655.97,441803,1.17341634575E9,21981,261404,59.17,2017,6,-0.9375232982927045,Slight negative
DRREDDY,EQ,2017-06-20,2657.45,2660.35,2695.0,2653.6,2675.1,2676.05,2671.83,196527,5.25086116E8,18333,69880,35.56,2017,6,0.699919095373398,Slight positive
DRREDDY,EQ,2017-06-21,2676.05,2675.0,2695.0,2655.75,2686.0,2687.05,2678.4,179216,4.8001228655E8,24341,87975,49.09,2017,6,0.4110536051269595,Slight
DRREDDY,EQ,2017-06-22,2687.05,2690.1,2699.9,2618.55,2633.0,2635.6,2659.3,171787,4.5683341515E8,15252,59192,34.46,2017,6,-1.9147392121471603,Negative
DRREDDY,EQ,2017-06-23,2635.6,2636.1,2659.4,2614.8,2644.0,2643.7,2639.23,232808,6.144347047E8,17366,105438,45.29,2017,6,0.3073303991500952,Slight
DRREDDY,EQ,2017-06-27,2643.7,2630.25,2670.0,2630.25,2646.1,2653.1,2653.13,265871,7.053898255E8,28765,135361,50.91,2017,6,0.35556228013768926,Slight
DRREDDY,EQ,2017-06-28,2653.1,2631.0,2664.7,2625.15,2648.0,2651.75,2646.54,191968,5.080518414E8,20324,94151,49.05,2017,6,-0.05088387169725638,Slight
DRREDDY,EQ,2017-06-29,2651.75,2651.2,2666.95,2640.05,2655.0,2651.5,2651.63,181588,4.815034952E8,20449,78460,43.21,2017,6,-0.009427736400490242,Slight
DRREDDY,EQ,2017-06-30,2651.5,2650.0,2711.0,2645.0,2690.5,2690.1,2687.15,327643,8.8042610025E8,24633,142471,43.48,2017,6,1.4557797473128384,Positive
DRREDDY,EQ,2017-07-03,2690.1,2700.0,2706.1,2665.0,2675.3,2682.55,2677.64,144646,3.873092795E8,17660,62782,43.4,2017,7,-0.2806587115720504,Slight
DRREDDY,EQ,2017-07-04,2682.55,2668.1,2676.1,2610.3,2621.8,2623.7,2633.3,264253,6.958564743E8,17098,108822,41.18,2017,7,-2.1938081303237724,Negative
DRREDDY,EQ,2017-07-05,2623.7,2621.5,2669.0,2621.5,2665.05,2664.95,2647.3,181326,4.8002355675E8,14235,60559,33.4,2017,7,1.5722071883218356,Positive
DRREDDY,EQ,2017-07-06,2664.95,2664.95,2679.0,2642.1,2676.55,2667.9,2661.82,124936,3.325574192E8,14248,46720,37.4,2017,7,0.11069626071784736,Slight
DRREDDY,EQ,2017-07-07,2667.9,2669.8,2729.5,2667.25,2705.0,2705.4,2714.59,284992,7.7363637695E8,20834,68284,23.96,2017,7,1.4055999100416057,Positive
DRREDDY,EQ,2017-07-10,2705.4,2733.3,2745.5,2700.0,2722.0,2726.2,2733.17,40393,1.1040085295E8,2475,14180,35.11,2017,7,0.7688327049604393,Slight positive
DRREDDY,EQ,2017-07-11,2726.2,2730.0,2732.4,2683.0,2689.9,2691.25,2713.1,160926,4.3660809155E8,16488,78741,48.93,2017,7,-1.2820042550069628,Negative
DRREDDY,EQ,2017-07-12,2691.25,2693.85,2721.45,2668.65,2683.0,2690.1,2694.86,213175,5.7447709325E8,12948,105858,49.66,2017,7,-0.042731072921508254,Slight
DRREDDY,EQ,2017-07-13,2690.1,2693.25,2719.75,2683.0,2691.0,2694.0,2701.55,137183,3.70606244E8,13427,50096,36.52,2017,7,0.1449760231961671,Slight
DRREDDY,EQ,2017-07-14,2694.0,2699.15,2725.0,2686.4,2700.0,2703.0,2704.52,195286,5.2815410395E8,9780,94145,48.21,2017,7,0.33407572383073497,Slight
DRREDDY,EQ,2017-07-17,2703.0,2697.4,2703.7,2682.3,2696.0,2697.25,2696.48,201896,5.4440764335E8,7956,135481,67.1,2017,7,-0.21272660007399186,Slight
DRREDDY,EQ,2017-07-18,2697.25,2690.0,2743.3,2687.55,2722.0,2718.95,2727.53,301108,8.2128193915E8,21104,95132,31.59,2017,7,0.8045231254054989,Slight positive
DRREDDY,EQ,2017-07-19,2718.95,2723.0,2784.8,2720.35,2780.0,2774.0,2761.79,364602,1.0069558111E9,21326,170760,46.83,2017,7,2.024678644329619,Positive
DRREDDY,EQ,2017-07-20,2774.0,2774.95,2778.4,2742.3,2746.0,2750.1,2757.08,187889,5.180255907E8,13578,105088,55.93,2017,7,-0.861571737563089,Slight negative
DRREDDY,EQ,2017-07-21,2750.1,2738.0,2780.0,2727.0,2758.1,2762.55,2755.38,282516,7.7843947555E8,16207,104516,36.99,2017,7,0.45271081051599116,Slight
DRREDDY,EQ,2017-07-24,2762.55,2785.0,2787.0,2688.9,2692.0,2696.45,2705.8,517895,1.40132005995E9,31506,234290,45.24,2017,7,-2.392716873902748,Negative
DRREDDY,EQ,2017-07-25,2696.45,2696.45,2713.35,2680.0,2687.0,2692.15,2693.25,374960,1.00986156555E9,23100,200187,53.39,2017,7,-0.1594689313727207,Slight
DRREDDY,EQ,2017-07-26,2692.15,2708.0,2716.55,2680.9,2706.5,2707.35,2696.36,174665,4.7096013705E8,12237,48068,27.52,2017,7,0.5646044982634629,Slight positive
DRREDDY,EQ,2017-07-27,2707.35,2710.0,2723.0,2587.0,2599.0,2620.35,2654.38,1822665,4.83804746925E9,59608,950000,52.12,2017,7,-3.213474430716383,Among top losers
DRREDDY,EQ,2017-07-28,2620.35,2499.5,2506.55,2451.1,2465.2,2464.95,2477.93,1548997,3.83830124345E9,83696,628351,40.57,2017,7,-5.930505466826954,Among top losers
DRREDDY,EQ,2017-07-31,2464.95,2438.0,2448.1,2375.0,2375.9,2383.2,2397.27,1525068,3.65599881975E9,60287,848382,55.63,2017,7,-3.3164972920343216,Among top losers
DRREDDY,EQ,2017-08-01,2383.2,2379.0,2458.0,2369.8,2426.0,2431.55,2434.57,1034078,2.51753403605E9,49499,441348,42.68,2017,8,2.028784827123211,Positive
DRREDDY,EQ,2017-08-02,2431.55,2435.1,2439.9,2372.4,2380.0,2378.55,2399.24,570459,1.36866630355E9,33446,299456,52.49,2017,8,-2.1796796282206823,Negative
DRREDDY,EQ,2017-08-03,2378.55,2388.0,2397.0,2314.35,2321.6,2323.95,2355.05,777585,1.8312524847E9,44064,403217,51.86,2017,8,-2.295516175821419,Negative
DRREDDY,EQ,2017-08-04,2323.95,2315.0,2315.05,2230.1,2238.0,2239.55,2259.94,1226639,2.77212516815E9,68535,593155,48.36,2017,8,-3.631747670991185,Among top losers
DRREDDY,EQ,2017-08-07,2239.55,2240.0,2257.0,2200.0,2202.0,2206.95,2229.8,736078,1.64130690835E9,39569,355427,48.29,2017,8,-1.455649572458769,Negative
DRREDDY,EQ,2017-08-08,2206.95,2205.8,2206.95,2084.85,2089.0,2095.65,2144.08,1360991,2.9180741079E9,70288,572265,42.05,2017,8,-5.043159110990269,Among top losers
DRREDDY,EQ,2017-08-09,2095.65,2090.9,2105.0,2032.5,2042.1,2048.35,2057.88,1124987,2.3150925834E9,75234,417081,37.07,2017,8,-2.2570562832534145,Negative
DRREDDY,EQ,2017-08-10,2048.35,2042.0,2099.0,1934.1,1945.1,1944.45,2008.04,1540007,3.0924012844E9,82468,392238,25.47,2017,8,-5.072375326482284,Among top losers
DRREDDY,EQ,2017-08-11,1944.45,1925.05,2029.95,1901.15,2016.0,2011.15,1976.92,1857913,3.67294866075E9,103761,460806,24.8,2017,8,3.4302759134973924,Among top gainers
DRREDDY,EQ,2017-08-14,2011.15,2000.0,2039.9,1970.1,2002.0,2002.05,2004.45,843270,1.6902952216E9,39430,125561,14.89,2017,8,-0.45247743828158693,Slight
DRREDDY,EQ,2017-08-16,2002.05,1995.0,2017.8,1970.05,1992.45,2005.25,1994.02,662136,1.3203112765E9,32294,216468,32.69,2017,8,0.1598361679278762,Slight
DRREDDY,EQ,2017-08-17,2005.25,2010.0,2031.9,1992.45,2007.9,2011.25,2011.74,540131,1.08660544375E9,24709,200279,37.08,2017,8,0.2992145617753397,Slight
DRREDDY,EQ,2017-08-18,2011.25,1998.0,2007.55,1971.3,1981.05,1982.0,1986.4,349297,6.9384232525E8,17725,119347,34.17,2017,8,-1.454319453076445,Negative
DRREDDY,EQ,2017-08-21,1982.0,1990.0,2001.0,1921.1,1934.5,1931.1,1960.09,418295,8.1989673185E8,19527,133150,31.83,2017,8,-2.568113017154394,Negative
DRREDDY,EQ,2017-08-22,1931.1,1945.0,2014.0,1935.0,1978.8,1984.15,1979.81,772164,1.52873715365E9,38427,123757,16.03,2017,8,2.747138936357526,Positive
DRREDDY,EQ,2017-08-23,1984.15,1991.0,2053.45,1991.0,2028.3,2030.95,2030.2,809996,1.64445273995E9,39497,130425,16.1,2017,8,2.3586926391653833,Positive
DRREDDY,EQ,2017-08-24,2030.95,2028.0,2100.0,2010.55,2080.0,2088.15,2069.2,1124967,2.32778221815E9,64453,332467,29.55,2017,8,2.8164159629729952,Positive
DRREDDY,EQ,2017-08-28,2088.15,2084.0,2089.75,2027.1,2050.0,2049.4,2051.48,844176,1.7318132212E9,39746,101412,12.01,2017,8,-1.8557095994061727,Negative
DRREDDY,EQ,2017-08-29,2049.4,2049.0,2067.5,2032.0,2037.15,2042.05,2049.47,607366,1.24477863825E9,24715,138700,22.84,2017,8,-0.35864155362545797,Slight
DRREDDY,EQ,2017-08-30,2042.05,2047.0,2074.4,2031.4,2033.0,2038.9,2055.64,401449,8.252361924E8,20906,133879,33.35,2017,8,-0.15425675179353412,Slight
DRREDDY,EQ,2017-08-31,2038.9,2044.0,2051.7,2006.0,2017.55,2020.9,2024.27,837809,1.6959506038E9,34811,353188,42.16,2017,8,-0.8828289764088478,Slight negative
DRREDDY,EQ,2017-09-01,2020.9,2115.0,2233.0,2115.0,2212.0,2217.55,2182.67,3613589,7.8872767698E9,122958,1176466,32.56,2017,9,9.730813004107084,Bull run
DRREDDY,EQ,2017-09-04,2217.55,2234.0,2236.4,2173.25,2181.9,2195.1,2197.67,947235,2.08170587045E9,42018,180843,19.09,2017,9,-1.012378525850613,Negative
DRREDDY,EQ,2017-09-05,2195.1,2198.3,2218.35,2181.9,2203.0,2209.15,2204.59,513527,1.1321148281E9,21785,179184,34.89,2017,9,0.6400619561751256,Slight positive
DRREDDY,EQ,2017-09-06,2209.15,2185.35,2208.0,2175.75,2191.35,2196.9,2193.9,527252,1.1567369333E9,31659,228954,43.42,2017,9,-0.5545119163479166,Slight negative
DRREDDY,EQ,2017-09-07,2196.9,2204.0,2235.0,2201.0,2215.0,2224.95,2221.3,491394,1.09153361845E9,26753,199224,40.54,2017,9,1.2767991260412275,Positive
DRREDDY,EQ,2017-09-08,2224.95,2229.0,2229.0,2066.15,2161.0,2162.5,2156.71,1719424,3.70829600485E9,67014,435110,25.31,2017,9,-2.806804647295437,Negative
DRREDDY,EQ,2017-09-11,2162.5,2169.0,2198.0,2154.0,2155.95,2159.5,2175.08,445377,9.687312942E8,31342,153901,34.56,2017,9,-0.13872832369942195,Slight
DRREDDY,EQ,2017-09-12,2159.5,2165.0,2197.4,2135.4,2162.15,2165.75,2164.65,517997,1.1212845547E9,30693,117098,22.61,2017,9,0.2894188469553137,Slight
DRREDDY,EQ,2017-09-13,2165.75,2187.0,2228.0,2169.15,2223.95,2217.35,2207.3,755242,1.66704247745E9,32366,182360,24.15,2017,9,2.3825464619646732,Positive
DRREDDY,EQ,2017-09-14,2217.35,2234.0,2264.95,2230.0,2257.75,2253.35,2248.43,613254,1.37885812625E9,27683,142995,23.32,2017,9,1.6235596545425848,Positive
DRREDDY,EQ,2017-09-15,2253.35,2225.2,2245.0,2201.1,2208.3,2211.2,2217.85,672801,1.49217449125E9,32429,260793,38.76,2017,9,-1.8705482947611376,Negative
DRREDDY,EQ,2017-09-18,2211.2,2204.0,2258.55,2175.6,2255.0,2242.05,2213.95,730962,1.6183140925E9,28151,164945,22.57,2017,9,1.3951700434153567,Positive
DRREDDY,EQ,2017-09-19,2242.05,2232.0,2265.0,2200.0,2240.3,2241.55,2240.35,566790,1.2698102164E9,27317,119096,21.01,2017,9,-0.022301019156575452,Slight
DRREDDY,EQ,2017-09-20,2241.55,2250.0,2329.0,2240.0,2325.0,2314.7,2297.29,1333098,3.0625105447E9,68935,412645,30.95,2017,9,3.2633668666770594,Among top gainers
DRREDDY,EQ,2017-09-21,2314.7,2346.25,2500.0,2346.25,2490.0,2486.55,2439.82,4057364,9.8992175986E9,159039,937065,23.1,2017,9,7.424288244696953,Bull run
DRREDDY,EQ,2017-09-22,2486.55,2494.0,2526.75,2446.55,2461.0,2457.75,2487.73,1991351,4.9539472439E9,76280,338991,17.02,2017,9,-1.1582312843095928,Negative
DRREDDY,EQ,2017-09-25,2457.75,2464.0,2475.0,2405.0,2428.2,2417.25,2428.65,911049,2.21261478135E9,46122,219042,24.04,2017,9,-1.6478486420506562,Negative
DRREDDY,EQ,2017-09-26,2417.25,2414.0,2415.0,2322.65,2369.95,2370.75,2372.01,1424436,3.3787824151E9,61227,357181,25.08,2017,9,-1.923673596028545,Negative
DRREDDY,EQ,2017-09-27,2370.75,2360.0,2384.0,2281.1,2311.5,2304.7,2336.0,935536,2.1854159493E9,41669,269599,28.82,2017,9,-2.7860381735737714,Negative
DRREDDY,EQ,2017-09-28,2304.7,2300.0,2415.0,2272.2,2381.35,2375.4,2375.35,2815633,6.68811416115E9,97102,1193935,42.4,2017,9,3.067644378877957,Among top gainers
DRREDDY,EQ,2017-09-29,2375.4,2375.4,2390.7,2320.1,2330.5,2328.75,2352.71,1133595,2.6670209095E9,47268,369617,32.61,2017,9,-1.963879767618089,Negative
DRREDDY,EQ,2017-10-03,2328.75,2415.0,2415.0,2320.45,2325.0,2335.55,2361.12,978860,2.31120276615E9,41957,379766,38.8,2017,10,0.29200214707461863,Slight
DRREDDY,EQ,2017-10-04,2335.55,2342.0,2398.4,2319.55,2392.0,2387.6,2368.38,1187980,2.813584718E9,58154,460222,38.74,2017,10,2.2285971184517446,Positive
DRREDDY,EQ,2017-10-05,2387.6,2392.0,2428.4,2376.0,2379.05,2389.15,2400.83,759504,1.8234398988E9,28910,152902,20.13,2017,10,0.06491874685877794,Slight
DRREDDY,EQ,2017-10-06,2389.15,2395.0,2409.9,2368.0,2377.0,2375.85,2382.66,533762,1.2717739594E9,27974,110400,20.68,2017,10,-0.5566833392629253,Slight negative
DRREDDY,EQ,2017-10-09,2375.85,2380.0,2433.0,2379.25,2409.85,2408.95,2414.28,633048,1.52835447835E9,34288,143159,22.61,2017,10,1.3931855967337967,Positive
DRREDDY,EQ,2017-10-10,2408.95,2419.7,2431.25,2401.6,2409.0,2411.35,2419.95,316335,7.6551434705E8,16410,73296,23.17,2017,10,0.09962846883497338,Slight
DRREDDY,EQ,2017-10-11,2411.35,2409.9,2420.05,2351.4,2375.0,2372.15,2386.46,450295,1.07461126615E9,18538,125193,27.8,2017,10,-1.625645385365037,Negative
DRREDDY,EQ,2017-10-12,2372.15,2397.0,2397.0,2358.5,2380.0,2379.85,2377.22,416094,9.891451747E8,26030,124418,29.9,2017,10,0.32460004637142753,Slight
DRREDDY,EQ,2017-10-13,2379.85,2373.0,2379.6,2350.0,2354.5,2354.45,2360.99,341789,8.069588492E8,21750,88212,25.81,2017,10,-1.0672941571947852,Negative
DRREDDY,EQ,2017-10-16,2354.45,2356.0,2411.0,2356.0,2397.75,2403.5,2388.92,386658,9.2369598645E8,23170,129886,33.59,2017,10,2.0832890908704873,Positive
DRREDDY,EQ,2017-10-17,2403.5,2397.0,2397.0,2375.5,2380.1,2381.35,2383.43,307110,7.3197393395E8,16671,106978,34.83,2017,10,-0.9215727064697354,Slight negative
DRREDDY,EQ,2017-10-18,2381.35,2386.7,2404.0,2376.0,2389.0,2385.4,2390.51,333114,7.9631299755E8,15907,125693,37.73,2017,10,0.17007159804313443,Slight
DRREDDY,EQ,2017-10-19,2385.4,2385.0,2387.0,2362.05,2376.9,2373.05,2374.37,47303,1.1231487605E8,2637,13195,27.89,2017,10,-0.5177328749895157,Slight negative
DRREDDY,EQ,2017-10-23,2373.05,2390.1,2415.0,2352.0,2366.2,2366.2,2374.32,363956,8.6414641045E8,23648,97701,26.84,2017,10,-0.2886580560881719,Slight
DRREDDY,EQ,2017-10-24,2366.2,2373.0,2382.3,2356.0,2363.65,2363.65,2367.37,194673,4.6086378275E8,14175,86042,44.2,2017,10,-0.10776772884793033,Slight
DRREDDY,EQ,2017-10-25,2363.65,2366.0,2395.1,2340.2,2353.05,2348.85,2369.42,295696,7.0062869355E8,17116,120193,40.65,2017,10,-0.6261502337486591,Slight negative
DRREDDY,EQ,2017-10-26,2348.85,2349.4,2357.95,2315.0,2345.05,2344.35,2336.18,449242,1.0495099471E9,29865,216070,48.1,2017,10,-0.1915831151414522,Slight
DRREDDY,EQ,2017-10-27,2344.35,2354.7,2410.0,2339.8,2393.65,2394.95,2382.9,434936,1.03640893605E9,25020,130273,29.95,2017,10,2.1583807878516397,Positive
DRREDDY,EQ,2017-10-30,2394.95,2396.0,2465.0,2367.05,2430.0,2438.5,2427.68,832219,2.02035781145E9,42866,240654,28.92,2017,10,1.8184095701371714,Positive
DRREDDY,EQ,2017-10-31,2438.5,2420.0,2504.0,2390.0,2428.2,2428.15,2457.73,1957333,4.81059001085E9,81908,269164,13.75,2017,10,-0.4244412548697933,Slight
DRREDDY,EQ,2017-11-01,2428.15,2412.0,2418.65,2348.0,2355.0,2354.2,2374.21,1176092,2.7922870159E9,77955,540404,45.95,2017,11,-3.0455284887671796,Among top losers
DRREDDY,EQ,2017-11-02,2354.2,2354.2,2440.0,2354.2,2405.0,2411.4,2411.41,1239887,2.9898781891E9,65249,470526,37.95,2017,11,2.4297001104409257,Positive
DRREDDY,EQ,2017-11-03,2411.4,2434.7,2449.8,2392.95,2427.0,2419.1,2418.28,576646,1.39449348275E9,36187,170768,29.61,2017,11,0.3193165795803192,Slight
DRREDDY,EQ,2017-11-06,2419.1,2414.0,2419.1,2380.65,2387.45,2392.25,2401.8,283667,6.8131099485E8,18436,127959,45.11,2017,11,-1.109916911247981,Negative
DRREDDY,EQ,2017-11-07,2392.25,2402.2,2415.0,2337.5,2385.0,2378.0,2375.25,518350,1.23120890225E9,25613,152198,29.36,2017,11,-0.5956735291043996,Slight negative
DRREDDY,EQ,2017-11-08,2378.0,2380.2,2420.0,2340.0,2354.0,2346.6,2383.96,432395,1.030813886E9,33049,134538,31.11,2017,11,-1.3204373423044613,Negative
DRREDDY,EQ,2017-11-09,2346.6,2368.6,2384.1,2340.2,2374.0,2370.1,2358.89,345854,8.1583160055E8,22818,110532,31.96,2017,11,1.0014489047984318,Positive
DRREDDY,EQ,2017-11-10,2370.1,2369.8,2379.9,2340.0,2341.0,2347.85,2350.42,209756,4.930149834E8,10452,88699,42.29,2017,11,-0.9387789544744948,Slight negative
DRREDDY,EQ,2017-11-13,2347.85,2354.7,2375.0,2330.05,2337.0,2344.1,2351.47,299182,7.0351662035E8,16933,73529,24.58,2017,11,-0.1597205954383798,Slight
DRREDDY,EQ,2017-11-14,2344.1,2348.7,2349.95,2310.05,2324.0,2320.3,2332.63,279262,6.514162166E8,22225,120556,43.17,2017,11,-1.0153150462864096,Negative
DRREDDY,EQ,2017-11-15,2320.3,2324.4,2337.0,2293.0,2305.5,2310.15,2318.43,224495,5.2047493475E8,15017,77068,34.33,2017,11,-0.4374434340387058,Slight
DRREDDY,EQ,2017-11-16,2310.15,2322.1,2342.1,2315.0,2334.0,2333.55,2328.48,282950,6.58842835E8,18672,139194,49.19,2017,11,1.0129212388805962,Positive
DRREDDY,EQ,2017-11-17,2333.55,2333.55,2356.95,2303.0,2319.0,2322.6,2325.76,274657,6.3878699065E8,14465,80244,29.22,2017,11,-0.4692421418011301,Slight
DRREDDY,EQ,2017-11-20,2322.6,2337.0,2337.0,2260.15,2272.3,2274.45,2300.7,273585,6.294367079E8,17733,87926,32.14,2017,11,-2.0731077241023033,Negative
DRREDDY,EQ,2017-11-21,2274.45,2275.2,2494.0,2275.2,2397.25,2394.15,2380.58,2392882,5.6964538688E9,103598,385451,16.11,2017,11,5.262810789421631,Among top gainers
DRREDDY,EQ,2017-11-22,2394.15,2365.0,2384.95,2336.05,2359.0,2360.65,2359.75,536873,1.26688507835E9,26950,131838,24.56,2017,11,-1.399243990560324,Negative
DRREDDY,EQ,2017-11-23,2360.65,2361.05,2367.0,2300.0,2309.0,2306.25,2315.95,686743,1.59046471995E9,33805,183434,26.71,2017,11,-2.304450045538309,Negative
DRREDDY,EQ,2017-11-24,2306.25,2310.0,2322.9,2286.85,2292.0,2295.05,2306.68,346100,7.983407184E8,28220,118850,34.34,2017,11,-0.4856368563685558,Slight
DRREDDY,EQ,2017-11-27,2295.05,2296.0,2305.8,2280.55,2294.0,2294.8,2294.03,246222,5.648411687E8,14696,57140,23.21,2017,11,-0.010893008866909217,Slight
DRREDDY,EQ,2017-11-28,2294.8,2290.0,2304.0,2268.0,2281.05,2290.9,2287.61,307103,7.025330786E8,16546,71434,23.26,2017,11,-0.1699494509325471,Slight
DRREDDY,EQ,2017-11-29,2290.9,2294.0,2319.9,2270.0,2270.65,2276.8,2288.91,575033,1.3161994615E9,38045,177849,30.93,2017,11,-0.6154786328517137,Slight negative
DRREDDY,EQ,2017-11-30,2276.8,2261.0,2312.15,2261.0,2286.0,2284.05,2286.25,1452047,3.31974530525E9,57762,854115,58.82,2017,11,0.31842937456078707,Slight
DRREDDY,EQ,2017-12-01,2284.05,2280.0,2286.0,2222.5,2234.0,2233.9,2258.61,529288,1.1954563187E9,20693,175687,33.19,2017,12,-2.1956612158227746,Negative
DRREDDY,EQ,2017-12-04,2233.9,2275.0,2275.0,2229.05,2244.0,2242.4,2246.96,295595,6.641914734E8,15853,54435,18.42,2017,12,0.3805004700299924,Slight
DRREDDY,EQ,2017-12-05,2242.4,2247.0,2247.0,2202.1,2208.25,2209.35,2212.97,285781,6.3242404535E8,20622,77824,27.23,2017,12,-1.4738672850517383,Negative
DRREDDY,EQ,2017-12-06,2209.35,2208.0,2223.75,2194.4,2201.0,2200.2,2207.49,260730,5.755576036E8,16934,95205,36.51,2017,12,-0.41414895783828237,Slight
DRREDDY,EQ,2017-12-07,2200.2,2208.0,2215.0,2188.0,2196.05,2196.35,2200.29,234439,5.158349103E8,15264,80172,34.2,2017,12,-0.17498409235523632,Slight
DRREDDY,EQ,2017-12-08,2196.35,2206.1,2208.0,2179.35,2186.5,2185.45,2188.78,383817,8.400899125E8,21556,179385,46.74,2017,12,-0.4962779156327585,Slight
DRREDDY,EQ,2017-12-11,2185.45,2198.7,2213.9,2171.0,2197.0,2192.9,2196.66,377793,8.2988177055E8,19638,157182,41.61,2017,12,0.34089089203597767,Slight
DRREDDY,EQ,2017-12-12,2192.9,2324.5,2326.4,2233.8,2255.0,2256.35,2275.07,1482214,3.372133613E9,77129,319301,21.54,2017,12,2.8934287929226055,Positive
DRREDDY,EQ,2017-12-13,2256.35,2260.0,2287.35,2253.05,2264.0,2260.7,2270.48,401576,9.1177161425E8,18762,66679,16.6,2017,12,0.1927892392580898,Slight
DRREDDY,EQ,2017-12-14,2260.7,2288.1,2319.7,2275.0,2313.75,2310.65,2300.88,836204,1.9240072472E9,42352,276402,33.05,2017,12,2.2094926350245623,Positive
DRREDDY,EQ,2017-12-15,2310.65,2325.0,2380.0,2316.45,2370.0,2371.5,2350.22,743680,1.74781047865E9,43902,355975,47.87,2017,12,2.633458117845624,Positive
DRREDDY,EQ,2017-12-18,2371.5,2365.0,2428.0,2332.95,2394.0,2395.0,2396.26,528351,1.26606420235E9,34132,188947,35.76,2017,12,0.9909340080118069,Slight positive
DRREDDY,EQ,2017-12-19,2395.0,2404.5,2421.6,2391.2,2404.0,2399.5,2406.21,448959,1.08029075375E9,27311,124911,27.82,2017,12,0.18789144050104384,Slight
DRREDDY,EQ,2017-12-20,2399.5,2395.0,2395.0,2350.4,2360.0,2356.0,2364.47,291975,6.903659635E8,16177,67437,23.1,2017,12,-1.812877682850594,Negative
DRREDDY,EQ,2017-12-21,2356.0,2365.0,2374.7,2341.0,2350.9,2351.75,2356.25,249941,5.8892393225E8,19666,56009,22.41,2017,12,-0.1803904923599321,Slight
DRREDDY,EQ,2017-12-22,2351.75,2360.0,2363.0,2330.0,2335.0,2332.7,2339.02,249602,5.8382459385E8,11590,74787,29.96,2017,12,-0.8100350802593891,Slight negative
DRREDDY,EQ,2017-12-26,2332.7,2334.95,2367.0,2329.0,2361.0,2360.3,2353.6,410936,9.671778552E8,22405,125836,30.62,2017,12,1.183178291250498,Positive
DRREDDY,EQ,2017-12-27,2360.3,2363.0,2424.05,2362.0,2395.1,2400.3,2402.66,693520,1.6662903917E9,39424,178965,25.81,2017,12,1.6946998262932678,Positive
DRREDDY,EQ,2017-12-28,2400.3,2409.9,2448.4,2401.25,2438.0,2430.0,2420.47,764680,1.8508869047E9,41473,233065,30.48,2017,12,1.237345331833513,Positive
DRREDDY,EQ,2017-12-29,2430.0,2429.95,2445.95,2403.15,2414.25,2414.2,2424.53,331967,8.0486404905E8,20651,104575,31.5,2017,12,-0.6502057613168799,Slight negative
DRREDDY,EQ,2018-01-01,2414.2,2410.0,2436.0,2394.05,2408.0,2404.15,2412.28,242081,5.839663426E8,10416,105967,43.77,2018,1,-0.41628696876811067,Slight
DRREDDY,EQ,2018-01-02,2404.15,2427.0,2439.0,2395.6,2405.0,2409.2,2416.68,251537,6.07883952E8,15019,56802,22.58,2018,1,0.2100534492440042,Slight
DRREDDY,EQ,2018-01-03,2409.2,2386.5,2386.5,2292.1,2340.55,2339.0,2340.86,886002,2.074006998E9,42505,214792,24.24,2018,1,-2.913830317117708,Negative
DRREDDY,EQ,2018-01-04,2339.0,2343.0,2420.0,2343.0,2414.8,2410.8,2387.12,558617,1.33348492565E9,23669,132193,23.66,2018,1,3.069687900812321,Among top gainers
DRREDDY,EQ,2018-01-05,2410.8,2429.0,2479.0,2394.9,2470.0,2473.4,2444.89,639900,1.5644853397E9,26189,185576,29.0,2018,1,2.5966484154637426,Positive
DRREDDY,EQ,2018-01-08,2473.4,2470.0,2512.0,2470.0,2479.0,2476.6,2491.68,585871,1.45980166615E9,33251,204070,34.83,2018,1,0.12937656666935465,Slight
DRREDDY,EQ,2018-01-09,2476.6,2474.5,2475.75,2450.0,2455.0,2457.8,2461.96,243824,6.0028567275E8,14709,83856,34.39,2018,1,-0.7591052249051009,Slight negative
DRREDDY,EQ,2018-01-10,2457.8,2459.95,2472.0,2420.0,2427.1,2425.8,2436.94,344328,8.391049891E8,20822,94640,27.49,2018,1,-1.3019773781430546,Negative
DRREDDY,EQ,2018-01-11,2425.8,2427.0,2451.0,2418.0,2424.8,2425.35,2432.89,185159,4.504715461E8,15411,58215,31.44,2018,1,-0.01855058125155713,Slight
DRREDDY,EQ,2018-01-12,2425.35,2433.0,2453.85,2413.65,2449.0,2447.65,2435.83,355780,8.6661968215E8,21392,129447,36.38,2018,1,0.9194549240315906,Slight positive
DRREDDY,EQ,2018-01-15,2447.65,2447.0,2461.25,2425.05,2435.0,2431.75,2443.25,156821,3.8315262255E8,11089,45207,28.83,2018,1,-0.6496026801217532,Slight negative
DRREDDY,EQ,2018-01-16,2431.75,2436.0,2484.0,2431.75,2468.05,2468.7,2465.98,372133,9.1767247885E8,25621,140135,37.66,2018,1,1.5194818546314308,Positive
DRREDDY,EQ,2018-01-17,2468.7,2467.0,2506.0,2462.85,2491.95,2491.85,2491.37,381788,9.511765547E8,24482,117700,30.83,2018,1,0.9377405112002306,Slight positive
DRREDDY,EQ,2018-01-18,2491.85,2500.0,2534.0,2450.15,2452.0,2461.5,2493.17,584198,1.45650620475E9,24761,225263,38.56,2018,1,-1.217970584104176,Negative
DRREDDY,EQ,2018-01-19,2461.5,2467.0,2505.0,2452.0,2486.1,2490.35,2482.65,240896,5.980608415E8,16316,75250,31.24,2018,1,1.1720495632744226,Positive
DRREDDY,EQ,2018-01-22,2490.35,2440.0,2519.0,2440.0,2506.3,2496.55,2483.83,692415,1.71984060595E9,41966,308756,44.59,2018,1,0.24896098941916892,Slight
DRREDDY,EQ,2018-01-23,2496.55,2510.0,2549.95,2501.0,2520.15,2520.4,2528.57,730091,1.8460883852E9,44706,317122,43.44,2018,1,0.9553183393082416,Slight positive
DRREDDY,EQ,2018-01-24,2520.4,2523.0,2615.0,2523.0,2561.5,2559.4,2575.26,1126277,2.90045480925E9,54410,327930,29.12,2018,1,1.5473734327884463,Positive
DRREDDY,EQ,2018-01-25,2559.4,2554.0,2597.1,2453.2,2501.05,2507.75,2518.96,2652030,6.68035200485E9,110207,601911,22.7,2018,1,-2.0180511057279085,Negative
DRREDDY,EQ,2018-01-29,2507.75,2448.95,2452.0,2342.0,2360.0,2357.1,2391.38,1154567,2.7610060869E9,59113,400001,34.65,2018,1,-6.007377130894231,Among top losers
DRREDDY,EQ,2018-01-30,2357.1,2356.0,2356.0,2285.2,2307.0,2306.15,2311.29,858002,1.9830939537E9,46421,315697,36.79,2018,1,-2.1615544525051895,Negative
DRREDDY,EQ,2018-01-31,2306.15,2293.0,2306.15,2203.55,2224.0,2225.35,2238.27,1143907,2.5603768055E9,71094,355459,31.07,2018,1,-3.503674956095665,Among top losers
DRREDDY,EQ,2018-02-01,2225.35,2225.0,2225.0,2153.1,2160.0,2157.95,2180.8,968321,2.11171194805E9,56522,265179,27.39,2018,2,-3.028737052598472,Among top losers
DRREDDY,EQ,2018-02-02,2157.95,2150.0,2211.05,2110.05,2112.05,2123.55,2157.6,959646,2.07053502975E9,59003,174971,18.23,2018,2,-1.5941055168099185,Negative
DRREDDY,EQ,2018-02-05,2123.55,2110.2,2139.0,2088.65,2128.0,2116.5,2117.94,603638,1.27847066485E9,41671,181248,30.03,2018,2,-0.3319912410821587,Slight
DRREDDY,EQ,2018-02-06,2116.5,2050.0,2124.0,2005.55,2084.0,2095.7,2082.71,763234,1.5895921596E9,45557,241719,31.67,2018,2,-0.982754547602182,Slight negative
DRREDDY,EQ,2018-02-07,2095.7,2125.15,2147.0,2096.25,2103.0,2111.4,2125.32,398161,8.4621938715E8,28809,99209,24.92,2018,2,0.7491530276280133,Slight positive
DRREDDY,EQ,2018-02-08,2111.4,2125.0,2196.0,2125.0,2180.0,2180.45,2170.1,889623,1.9305749985E9,48617,212414,23.88,2018,2,3.2703419532063904,Among top gainers
DRREDDY,EQ,2018-02-09,2180.45,2150.0,2208.0,2133.6,2193.8,2193.8,2179.71,479123,1.04434963915E9,32142,93594,19.53,2018,2,0.6122589373753292,Slight positive
DRREDDY,EQ,2018-02-12,2193.8,2194.7,2229.75,2179.0,2199.85,2204.25,2212.34,482626,1.067734473E9,23467,100881,20.9,2018,2,0.47634241954598494,Slight
DRREDDY,EQ,2018-02-14,2204.25,2210.0,2226.0,2175.6,2179.0,2183.3,2198.63,309833,6.812087583E8,18223,62464,20.16,2018,2,-0.9504366564591048,Slight negative
DRREDDY,EQ,2018-02-15,2183.3,2204.0,2219.0,2177.3,2198.0,2195.8,2198.22,345185,7.5879242085E8,15786,57761,16.73,2018,2,0.5725278248522878,Slight positive
DRREDDY,EQ,2018-02-16,2195.8,2207.0,2240.0,2207.0,2212.0,2213.55,2225.27,458897,1.02116836905E9,20712,57383,12.5,2018,2,0.8083614172511157,Slight positive
DRREDDY,EQ,2018-02-19,2213.55,2223.0,2233.95,2105.05,2155.0,2152.0,2168.08,562310,1.2191339738E9,37182,155289,27.62,2018,2,-2.7806012965598326,Negative
DRREDDY,EQ,2018-02-20,2152.0,2155.0,2196.5,2144.2,2169.0,2163.65,2166.14,669025,1.44920034895E9,27568,354706,53.02,2018,2,0.5413568773234243,Slight positive
DRREDDY,EQ,2018-02-21,2163.65,2180.2,2202.0,2140.75,2174.95,2165.9,2176.66,498005,1.08398905915E9,23149,177206,35.58,2018,2,0.10399094123356364,Slight
DRREDDY,EQ,2018-02-22,2165.9,2167.0,2172.6,2086.55,2124.1,2123.45,2119.08,1665309,3.52891614295E9,68634,564062,33.87,2018,2,-1.9599242808994077,Negative
DRREDDY,EQ,2018-02-23,2123.45,2142.4,2185.0,2135.05,2159.0,2167.05,2167.07,743506,1.61123185685E9,31045,366751,49.33,2018,2,2.0532623796180918,Positive
DRREDDY,EQ,2018-02-26,2167.05,2120.0,2207.2,2090.0,2193.0,2193.8,2152.57,1184749,2.5502522999E9,59634,221596,18.7,2018,2,1.234396991301539,Positive
DRREDDY,EQ,2018-02-27,2193.8,2200.2,2241.55,2198.3,2236.0,2236.0,2225.23,676152,1.50459455445E9,45019,175521,25.96,2018,2,1.9236028808460122,Positive
DRREDDY,EQ,2018-02-28,2236.0,2223.05,2266.95,2218.2,2234.0,2237.25,2251.21,992777,2.23495323315E9,53878,419501,42.26,2018,2,0.05590339892665474,Slight
DRREDDY,EQ,2018-03-01,2237.25,2200.05,2239.75,2193.55,2229.0,2231.5,2227.72,430777,9.5965225065E8,29121,130370,30.26,2018,3,-0.25701195664320037,Slight
DRREDDY,EQ,2018-03-05,2231.5,2229.8,2239.9,2175.8,2182.15,2180.8,2196.78,598344,1.31443074965E9,23294,258587,43.22,2018,3,-2.272014340129949,Negative
DRREDDY,EQ,2018-03-06,2180.8,2201.45,2223.8,2166.85,2176.5,2176.45,2204.49,415000,9.1486377005E8,23272,157135,37.86,2018,3,-0.19946808510639966,Slight
DRREDDY,EQ,2018-03-07,2176.45,2176.5,2204.3,2143.0,2150.1,2149.6,2168.91,492494,1.0681752488E9,29114,183987,37.36,2018,3,-1.2336603184084134,Negative
DRREDDY,EQ,2018-03-08,2149.6,2172.9,2182.0,2128.1,2156.0,2143.4,2147.66,476763,1.0239270185E9,27116,172361,36.15,2018,3,-0.2884257536285736,Slight
DRREDDY,EQ,2018-03-09,2143.4,2164.0,2182.8,2095.0,2122.15,2129.9,2148.92,470814,1.01174252155E9,26347,122779,26.08,2018,3,-0.6298404404217598,Slight negative
DRREDDY,EQ,2018-03-12,2129.9,2160.0,2163.7,2122.0,2155.55,2148.4,2140.21,530428,1.135228307E9,18319,208912,39.39,2018,3,0.8685853795952861,Slight positive
DRREDDY,EQ,2018-03-13,2148.4,2142.0,2194.15,2141.25,2185.0,2181.5,2172.92,519269,1.12832759255E9,20817,120498,23.21,2018,3,1.5406814373487203,Positive
DRREDDY,EQ,2018-03-14,2181.5,2185.0,2196.0,2166.8,2184.55,2181.45,2181.32,266769,5.8190766055E8,12420,80475,30.17,2018,3,-0.002292000916808705,Slight
DRREDDY,EQ,2018-03-15,2181.45,2182.45,2218.4,2177.0,2178.65,2182.75,2198.24,335767,7.3809483855E8,14644,72309,21.54,2018,3,0.05959338971785656,Slight
DRREDDY,EQ,2018-03-16,2182.75,2180.0,2209.0,2118.3,2154.0,2142.15,2159.07,594361,1.28326669875E9,34130,206227,34.7,2018,3,-1.8600389417019774,Negative
DRREDDY,EQ,2018-03-19,2142.15,2155.0,2170.0,2112.15,2120.2,2119.85,2134.6,292149,6.2362102585E8,12919,61882,21.18,2018,3,-1.041010200032686,Negative
DRREDDY,EQ,2018-03-20,2119.85,2114.95,2162.9,2101.95,2156.6,2157.15,2135.88,387372,8.2738124445E8,17437,87586,22.61,2018,3,1.759558459324961,Positive
DRREDDY,EQ,2018-03-21,2157.15,2168.8,2179.85,2130.4,2145.0,2141.7,2152.19,369060,7.942887123E8,23129,104212,28.24,2018,3,-0.716222793964271,Slight negative
DRREDDY,EQ,2018-03-22,2141.7,2139.0,2150.75,2097.1,2110.0,2108.3,2124.65,410402,8.7196095305E8,28329,142575,34.74,2018,3,-1.5595088014194163,Negative
DRREDDY,EQ,2018-03-23,2108.3,2091.0,2101.9,2060.2,2068.15,2072.3,2079.26,474396,9.863941826E8,22313,184040,38.79,2018,3,-1.7075368780534077,Negative
DRREDDY,EQ,2018-03-26,2072.3,2072.0,2109.75,2050.3,2095.05,2104.0,2073.79,500280,1.0374734442E9,39312,166542,33.29,2018,3,1.529701298074594,Positive
DRREDDY,EQ,2018-03-27,2104.0,2096.0,2119.0,2090.0,2106.0,2102.45,2103.12,324567,6.8260496155E8,16374,105913,32.63,2018,3,-0.0736692015209212,Slight
DRREDDY,EQ,2018-03-28,2102.45,2103.0,2113.6,2071.6,2073.6,2080.55,2083.21,665647,1.38668060945E9,27194,345132,51.85,2018,3,-1.0416418939808147,Negative
DRREDDY,EQ,2018-04-02,2080.55,2080.0,2138.0,2080.0,2130.9,2132.1,2121.71,245975,5.218881678E8,14812,47079,19.14,2018,4,2.477710220855049,Positive
DRREDDY,EQ,2018-04-03,2132.1,2111.0,2149.85,2111.0,2122.3,2124.9,2128.44,279023,5.9388490155E8,22764,91723,32.87,2018,4,-0.33769523005486696,Slight
DRREDDY,EQ,2018-04-04,2124.9,2124.0,2125.25,2079.95,2086.15,2091.4,2100.45,353719,7.4297064185E8,32917,113806,32.17,2018,4,-1.5765447785778153,Negative
DRREDDY,EQ,2018-04-05,2091.4,2115.0,2135.6,2097.0,2112.0,2111.1,2119.17,375110,7.9492349065E8,22798,139738,37.25,2018,4,0.9419527589174628,Slight positive
DRREDDY,EQ,2018-04-06,2111.1,2112.0,2133.6,2105.05,2122.0,2124.8,2124.83,264845,5.627493211E8,20389,108454,40.95,2018,4,0.6489507839515074,Slight positive
DRREDDY,EQ,2018-04-09,2124.8,2120.0,2135.4,2109.0,2120.0,2121.25,2124.12,223287,4.7428860425E8,16873,71675,32.1,2018,4,-0.16707454819277964,Slight
DRREDDY,EQ,2018-04-10,2121.25,2123.0,2135.0,2082.75,2114.9,2112.1,2109.55,515981,1.08848652835E9,28697,161597,31.32,2018,4,-0.43134944018857235,Slight
DRREDDY,EQ,2018-04-11,2112.1,2130.0,2133.05,2090.0,2100.7,2100.7,2105.41,306020,6.442972898E8,21575,85386,27.9,2018,4,-0.5397471710619806,Slight negative
DRREDDY,EQ,2018-04-12,2100.7,2078.0,2078.0,2054.3,2060.0,2060.5,2061.77,679256,1.40047212765E9,32393,366145,53.9,2018,4,-1.9136478316751475,Negative
DRREDDY,EQ,2018-04-13,2060.5,2072.3,2096.0,2067.8,2087.9,2089.95,2085.94,441352,9.2063311805E8,29875,188409,42.69,2018,4,1.4292647415675719,Positive
DRREDDY,EQ,2018-04-16,2089.95,2081.2,2110.0,2075.0,2102.5,2102.45,2099.08,289585,6.078623935E8,16651,144775,49.99,2018,4,0.5981004330247136,Slight positive
DRREDDY,EQ,2018-04-17,2102.45,2105.0,2117.15,2088.0,2105.0,2105.55,2104.25,293638,6.178872279E8,16150,142209,48.43,2018,4,0.14744702608862822,Slight
DRREDDY,EQ,2018-04-18,2105.55,2114.7,2117.25,2091.05,2100.0,2101.65,2104.84,227808,4.794993229E8,15073,96887,42.53,2018,4,-0.18522476312602837,Slight
DRREDDY,EQ,2018-04-19,2101.65,2111.0,2140.0,2107.0,2135.0,2136.3,2121.7,322550,6.843544274E8,17298,200706,62.22,2018,4,1.6487045892513068,Positive
DRREDDY,EQ,2018-04-20,2136.3,2130.0,2145.95,2106.05,2118.0,2121.9,2123.55,267337,5.677029284E8,20541,101548,37.99,2018,4,-0.674062631652862,Slight negative
DRREDDY,EQ,2018-04-23,2121.9,2123.4,2142.0,2095.0,2138.9,2135.55,2123.47,545145,1.1575985294E9,17961,272757,50.03,2018,4,0.6432913897921717,Slight positive
DRREDDY,EQ,2018-04-24,2135.55,2131.9,2180.0,2127.05,2151.45,2150.15,2162.05,886215,1.91603907705E9,34010,343734,38.79,2018,4,0.6836646297206765,Slight positive
DRREDDY,EQ,2018-04-25,2150.15,2151.45,2155.95,2113.0,2116.45,2118.0,2125.57,288899,6.140750561E8,13388,139600,48.32,2018,4,-1.495244517824342,Negative
DRREDDY,EQ,2018-04-26,2118.0,2128.0,2147.2,2064.1,2089.8,2076.85,2090.41,1355549,2.8336598418E9,32556,1054552,77.8,2018,4,-1.9428706326723366,Negative
DRREDDY,EQ,2018-04-27,2076.85,2098.0,2112.2,2082.0,2100.65,2097.75,2098.73,319344,6.702166757E8,19182,134997,42.27,2018,4,1.006331704263673,Positive
DRREDDY,EQ,2018-04-30,2097.75,2110.8,2126.9,2098.05,2111.95,2109.85,2113.29,222664,4.705532071E8,15059,97957,43.99,2018,4,0.5768084852818453,Slight positive
DRREDDY,EQ,2018-05-02,2109.85,2116.4,2127.8,2102.05,2125.0,2118.2,2119.45,198229,4.201362004E8,11741,101672,51.29,2018,5,0.3957627319477645,Slight
DRREDDY,EQ,2018-05-03,2118.2,2122.2,2126.1,2087.65,2125.0,2121.1,2107.25,180076,3.7946511875E8,12969,44721,24.83,2018,5,0.13690869606269904,Slight
DRREDDY,EQ,2018-05-04,2121.1,2130.0,2145.0,2097.9,2105.0,2106.6,2119.49,364533,7.7262327875E8,20037,104391,28.64,2018,5,-0.6836075621139975,Slight negative
DRREDDY,EQ,2018-05-07,2106.6,2110.0,2110.75,2055.0,2067.0,2069.5,2069.69,344097,7.12172894E8,21834,105205,30.57,2018,5,-1.761131681382318,Negative
DRREDDY,EQ,2018-05-08,2069.5,2090.0,2094.05,2065.0,2075.75,2074.95,2076.65,250444,5.2008534025E8,16680,124787,49.83,2018,5,0.2633486349359661,Slight
DRREDDY,EQ,2018-05-09,2074.95,2075.85,2085.0,2058.5,2063.05,2064.35,2067.86,254351,5.259613995E8,13837,129354,50.86,2018,5,-0.5108556832694721,Slight negative
DRREDDY,EQ,2018-05-10,2064.35,2055.0,2059.0,1982.0,1992.7,1989.6,2015.82,660318,1.33108040575E9,34231,321758,48.73,2018,5,-3.620994501901325,Among top losers
DRREDDY,EQ,2018-05-11,1989.6,2003.5,2017.9,1960.0,1990.0,1990.5,1987.93,604488,1.20168127455E9,26469,331190,54.79,2018,5,0.045235223160438834,Slight
DRREDDY,EQ,2018-05-14,1990.5,2012.0,2043.0,2012.0,2015.0,2017.75,2029.09,581715,1.1803498813E9,31273,251618,43.25,2018,5,1.369002763124843,Positive
DRREDDY,EQ,2018-05-15,2017.75,2017.75,2030.0,1978.2,2009.0,2008.5,2002.02,404721,8.102604776E8,24265,202914,50.14,2018,5,-0.45843142113740554,Slight
DRREDDY,EQ,2018-05-16,2008.5,2006.0,2008.5,1985.0,2000.0,1993.95,1994.88,274437,5.47467853E8,16303,145224,52.92,2018,5,-0.7244212098581008,Slight negative
DRREDDY,EQ,2018-05-17,1993.95,1995.8,1995.8,1950.1,1981.3,1977.15,1972.18,466175,9.1938223865E8,20561,184407,39.56,2018,5,-0.8425487098472857,Slight negative
DRREDDY,EQ,2018-05-18,1977.15,1982.8,1992.0,1967.35,1982.0,1982.0,1980.93,507296,1.00491790865E9,18722,344038,67.82,2018,5,0.24530258199933788,Slight
DRREDDY,EQ,2018-05-21,1982.0,1991.0,1991.0,1887.0,1890.0,1893.05,1914.64,505736,9.6830413065E8,32915,204411,40.42,2018,5,-4.4878910191725545,Among top losers
DRREDDY,EQ,2018-05-22,1893.05,1902.5,2036.0,1890.0,2004.2,2009.6,1952.03,2019136,3.941414142E9,87908,401676,19.89,2018,5,6.156731200971975,Among top gainers
DRREDDY,EQ,2018-05-23,2009.6,1978.0,1993.9,1934.8,1951.3,1954.35,1963.74,734078,1.4415405153E9,35841,162826,22.18,2018,5,-2.7493033439490446,Negative
DRREDDY,EQ,2018-05-24,1954.35,1962.7,1985.2,1942.95,1975.9,1972.95,1966.48,458454,9.0154093185E8,19969,154598,33.72,2018,5,0.9517230792846797,Slight positive
DRREDDY,EQ,2018-05-25,1972.95,1975.0,1995.8,1965.0,1967.85,1967.85,1975.25,435249,8.5972716565E8,18556,180947,41.57,2018,5,-0.2584961605717396,Slight
DRREDDY,EQ,2018-05-28,1967.85,1966.75,2012.05,1960.0,2000.0,1994.55,1993.85,508364,1.01360011895E9,20566,223953,44.05,2018,5,1.3568107325253473,Positive
DRREDDY,EQ,2018-05-29,1994.55,2000.0,2014.55,1972.6,1977.0,1980.7,1997.3,490670,9.8001641715E8,22074,277123,56.48,2018,5,-0.6943922187962152,Slight negative
DRREDDY,EQ,2018-05-30,1980.7,1975.0,1975.0,1952.0,1957.5,1961.8,1962.33,335848,6.590450522E8,25652,92943,27.67,2018,5,-0.9542081082445646,Slight negative
DRREDDY,EQ,2018-05-31,1961.8,1971.8,1971.8,1925.95,1927.85,1936.6,1939.3,1860178,3.607444954E9,65528,1288371,69.26,2018,5,-1.2845346110714673,Negative
DRREDDY,EQ,2018-06-01,1936.6,1940.0,1963.45,1932.35,1941.4,1941.4,1948.08,441861,8.60778375E8,27698,222113,50.27,2018,6,0.24785706909016741,Slight
DRREDDY,EQ,2018-06-04,1941.4,1978.0,2027.9,1965.0,1988.0,1996.0,2002.01,1400421,2.80365000365E9,75109,259622,18.54,2018,6,2.8124034202122132,Positive
DRREDDY,EQ,2018-06-05,1996.0,1980.0,1987.55,1954.0,1963.0,1963.4,1969.43,365344,7.19518795E8,23672,94050,25.74,2018,6,-1.6332665330661278,Negative
DRREDDY,EQ,2018-06-06,1963.4,1963.0,1977.9,1948.0,1961.0,1960.45,1963.48,415605,8.1603379795E8,13779,281139,67.65,2018,6,-0.1502495670775209,Slight
DRREDDY,EQ,2018-06-07,1960.45,1965.0,1976.95,1961.2,1962.0,1964.95,1968.86,152700,3.006451191E8,9805,43294,28.35,2018,6,0.22953913642276008,Slight
DRREDDY,EQ,2018-06-08,1964.95,1973.0,2072.6,1973.0,2059.95,2062.9,2035.0,1113559,2.26608929695E9,57955,287933,25.86,2018,6,4.984859665640349,Among top gainers
DRREDDY,EQ,2018-06-11,2062.9,2062.05,2125.0,2051.65,2087.2,2083.2,2096.69,1612295,3.38048716605E9,53151,850524,52.75,2018,6,0.9840515778757927,Slight positive
DRREDDY,EQ,2018-06-12,2083.2,2097.0,2195.0,2097.0,2195.0,2190.65,2165.73,2097114,4.54177581325E9,102617,570732,27.22,2018,6,5.157930107526895,Among top gainers
DRREDDY,EQ,2018-06-13,2190.65,2190.0,2304.0,2185.0,2254.05,2256.3,2264.75,2580254,5.84361894905E9,112157,524810,20.34,2018,6,2.996827425649925,Positive
DRREDDY,EQ,2018-06-14,2256.3,2260.05,2299.65,2246.55,2277.45,2269.4,2269.14,1588963,3.60558664605E9,86386,348356,21.92,2018,6,0.5805965518769627,Slight positive
DRREDDY,EQ,2018-06-15,2269.4,2303.0,2385.8,2296.25,2357.9,2349.85,2352.3,4456911,1.04839942941E10,160015,1319977,29.62,2018,6,3.5449898651625897,Among top gainers
DRREDDY,EQ,2018-06-18,2349.85,2339.0,2411.0,2292.4,2403.2,2385.85,2345.04,2310151,5.4173989813E9,96619,349479,15.13,2018,6,1.5320126816605315,Positive
DRREDDY,EQ,2018-06-19,2385.85,2403.2,2429.6,2376.55,2386.95,2393.0,2403.65,2106466,5.0632056849E9,101654,345360,16.4,2018,6,0.299683550935729,Slight
DRREDDY,EQ,2018-06-20,2393.0,2393.0,2409.9,2352.95,2370.0,2367.75,2373.74,1149681,2.7290425721E9,50978,324831,28.25,2018,6,-1.0551608859172588,Negative
DRREDDY,EQ,2018-06-21,2367.75,2389.0,2389.0,2306.5,2318.0,2316.4,2325.72,1115131,2.59348269345E9,78158,341167,30.59,2018,6,-2.1687255833597257,Negative
DRREDDY,EQ,2018-06-22,2316.4,2325.0,2347.5,2274.05,2336.0,2336.25,2311.06,1667277,3.8531717992E9,69277,523425,31.39,2018,6,0.8569331721636984,Slight positive
DRREDDY,EQ,2018-06-25,2336.25,2305.0,2326.8,2281.0,2292.8,2290.15,2300.74,1142767,2.62920765415E9,66013,215619,18.87,2018,6,-1.973247726056711,Negative
DRREDDY,EQ,2018-06-26,2290.15,2284.0,2285.0,2257.4,2261.0,2267.15,2272.55,628148,1.4274967379E9,36328,167215,26.62,2018,6,-1.0043010283169225,Negative
DRREDDY,EQ,2018-06-27,2267.15,2257.9,2306.8,2245.9,2288.3,2293.8,2278.46,1552070,3.53632219625E9,61856,688916,44.39,2018,6,1.1754846393048581,Positive
DRREDDY,EQ,2018-06-28,2293.8,2289.0,2325.95,2272.2,2283.25,2295.75,2301.68,1228463,2.8275240526E9,48858,320987,26.13,2018,6,0.08501177086057275,Slight
DRREDDY,EQ,2018-06-29,2295.75,2279.95,2284.0,2223.0,2233.0,2235.05,2251.14,898423,2.0224774138E9,44029,215930,24.03,2018,6,-2.6440161167374416,Negative
DRREDDY,EQ,2018-07-02,2235.05,2230.0,2260.55,2202.25,2239.1,2240.35,2241.25,774325,1.73545720755E9,30766,142040,18.34,2018,7,0.2371311603767131,Slight
DRREDDY,EQ,2018-07-03,2240.35,2258.0,2284.0,2235.2,2274.4,2273.75,2262.7,756573,1.71189815675E9,36271,114554,15.14,2018,7,1.4908384850581424,Positive
DRREDDY,EQ,2018-07-04,2273.75,2273.8,2338.0,2273.8,2318.2,2317.25,2318.58,1065535,2.47052723945E9,70806,322017,30.22,2018,7,1.9131390874106653,Positive
DRREDDY,EQ,2018-07-05,2317.25,2329.95,2348.7,2287.75,2298.65,2298.65,2327.19,830939,1.93375607555E9,47922,349033,42.0,2018,7,-0.802675585284277,Slight negative
DRREDDY,EQ,2018-07-06,2298.65,2300.0,2319.9,2255.85,2267.0,2269.05,2292.58,556218,1.2751754146E9,29072,140878,25.33,2018,7,-1.2877123529027867,Negative
DRREDDY,EQ,2018-07-09,2269.05,2282.0,2335.0,2281.95,2330.1,2330.05,2322.63,729897,1.6952770346E9,36279,143997,19.73,2018,7,2.6883497498953304,Positive
DRREDDY,EQ,2018-07-10,2330.05,2345.6,2345.6,2303.0,2318.95,2321.85,2320.07,665940,1.5450305814E9,52577,255876,38.42,2018,7,-0.3519237784597014,Slight
DRREDDY,EQ,2018-07-11,2321.85,2301.0,2333.0,2275.0,2298.0,2301.35,2305.11,820067,1.89034162155E9,42881,266896,32.55,2018,7,-0.8829166397484765,Slight negative
DRREDDY,EQ,2018-07-12,2301.35,2326.7,2387.65,2326.65,2352.3,2357.25,2368.21,1312367,3.10796429215E9,60065,381205,29.05,2018,7,2.429009059899628,Positive
DRREDDY,EQ,2018-07-13,2357.25,2340.0,2366.4,2301.0,2315.0,2319.85,2328.24,466927,1.087118157E9,22212,135326,28.98,2018,7,-1.5865945487326372,Negative
DRREDDY,EQ,2018-07-16,2319.85,2223.1,2223.1,2069.95,2083.0,2093.95,2113.1,3721516,7.86393050415E9,172401,899440,24.17,2018,7,-9.737698558096433,Bear drop
DRREDDY,EQ,2018-07-17,2093.95,2060.0,2119.0,2057.05,2070.0,2065.3,2084.63,1422184,2.9647226523E9,64512,263912,18.56,2018,7,-1.3682275125957946,Negative
DRREDDY,EQ,2018-07-18,2065.3,2080.0,2096.55,2040.5,2060.0,2065.65,2062.27,1219549,2.5150384377E9,57688,360682,29.58,2018,7,0.01694669055342609,Slight
DRREDDY,EQ,2018-07-19,2065.65,2077.8,2077.8,2025.0,2027.2,2029.2,2048.66,762721,1.5625590791E9,39195,276904,36.3,2018,7,-1.7645777358216563,Negative
DRREDDY,EQ,2018-07-20,2029.2,2026.0,2073.0,2020.0,2058.6,2051.9,2056.31,755783,1.55412580475E9,44760,252445,33.4,2018,7,1.118667455154743,Positive
DRREDDY,EQ,2018-07-23,2051.9,2073.0,2073.0,2032.5,2043.0,2041.7,2047.25,587029,1.20179365105E9,19798,228360,38.9,2018,7,-0.49710024855012647,Slight
DRREDDY,EQ,2018-07-24,2041.7,2043.0,2090.0,2043.0,2077.6,2077.6,2070.65,1289377,2.6698523328E9,31725,707455,54.87,2018,7,1.7583386393691465,Positive
DRREDDY,EQ,2018-07-25,2077.6,2087.0,2097.5,2061.55,2086.9,2088.2,2082.8,538614,1.1218261149E9,21947,152926,28.39,2018,7,0.5102040816326487,Slight positive
DRREDDY,EQ,2018-07-26,2088.2,2075.7,2191.0,2074.9,2110.0,2132.75,2128.16,1913049,4.07126849395E9,82326,440169,23.01,2018,7,2.133416339431098,Positive
DRREDDY,EQ,2018-07-27,2132.75,2135.0,2135.0,2067.4,2082.5,2083.2,2089.34,896318,1.8727093457E9,44546,220683,24.62,2018,7,-2.323291525026383,Negative
DRREDDY,EQ,2018-07-30,2083.2,2080.05,2092.85,2058.3,2066.95,2067.2,2070.98,807995,1.6733452776E9,31267,341146,42.22,2018,7,-0.7680491551459294,Slight negative
DRREDDY,EQ,2018-07-31,2067.2,2075.0,2135.0,2070.6,2130.0,2127.8,2108.13,1464380,3.0870970661E9,68985,634179,43.31,2018,7,2.931501547987634,Positive
DRREDDY,EQ,2018-08-01,2127.8,2130.0,2182.0,2130.0,2175.0,2175.7,2161.62,912903,1.97335304235E9,49353,330964,36.25,2018,8,2.2511514240059984,Positive
DRREDDY,EQ,2018-08-02,2175.7,2175.0,2237.95,2170.0,2227.0,2227.85,2218.3,1039641,2.3062386638E9,50969,230980,22.22,2018,8,2.3969297237670677,Positive
DRREDDY,EQ,2018-08-03,2227.85,2236.0,2290.0,2230.0,2276.95,2281.05,2270.61,1013107,2.30036962075E9,43078,358100,35.35,2018,8,2.3879525102677595,Positive
DRREDDY,EQ,2018-08-06,2281.05,2285.0,2325.0,2228.2,2238.7,2234.4,2265.2,835775,1.893199198E9,30048,198562,23.76,2018,8,-2.0451108042348958,Negative
DRREDDY,EQ,2018-08-07,2234.4,2249.9,2281.45,2245.05,2261.5,2258.8,2260.12,499910,1.12985857315E9,27944,97678,19.54,2018,8,1.0920157536698931,Positive
DRREDDY,EQ,2018-08-08,2258.8,2263.0,2280.0,2237.0,2250.1,2245.5,2252.12,345399,7.7787924215E8,16547,41198,11.93,2018,8,-0.5888082167522658,Slight negative
DRREDDY,EQ,2018-08-09,2245.5,2263.9,2263.9,2205.05,2240.0,2237.7,2231.65,390701,8.719078186E8,17634,44910,11.49,2018,8,-0.3473613894455659,Slight
DRREDDY,EQ,2018-08-10,2237.7,2236.4,2256.9,2205.5,2221.5,2214.3,2227.83,323888,7.21567926E8,14029,48285,14.91,2018,8,-1.045716583992476,Negative
DRREDDY,EQ,2018-08-13,2214.3,2220.0,2249.0,2215.15,2248.0,2241.6,2235.46,267323,5.9759107835E8,16961,45441,17.0,2018,8,1.2328952716433963,Positive
DRREDDY,EQ,2018-08-14,2241.6,2254.0,2291.0,2239.05,2279.0,2278.45,2264.57,482038,1.09160916135E9,18917,89206,18.51,2018,8,1.6439150606709454,Positive
DRREDDY,EQ,2018-08-16,2278.45,2275.35,2361.45,2270.85,2357.6,2353.45,2323.94,895988,2.08222078765E9,36321,244299,27.27,2018,8,3.291711470517238,Among top gainers
DRREDDY,EQ,2018-08-17,2353.45,2373.9,2411.3,2350.9,2362.95,2364.15,2387.03,889022,2.1221205192E9,45836,195902,22.04,2018,8,0.45465168157387126,Slight
DRREDDY,EQ,2018-08-20,2364.15,2365.0,2396.95,2365.0,2380.0,2380.75,2381.16,361318,8.60355467E8,15022,46617,12.9,2018,8,0.7021551086013962,Slight positive
DRREDDY,EQ,2018-08-21,2380.75,2388.0,2427.9,2354.1,2423.2,2410.95,2402.35,638958,1.5349999241E9,26121,111888,17.51,2018,8,1.2685078231649614,Positive
DRREDDY,EQ,2018-08-23,2410.95,2430.0,2520.0,2425.0,2467.9,2463.6,2472.61,1624568,4.01691681575E9,60208,324463,19.97,2018,8,2.1837864742114146,Positive
DRREDDY,EQ,2018-08-24,2463.6,2475.0,2477.4,2425.6,2445.0,2447.45,2448.5,576704,1.4120617775E9,27114,144708,25.09,2018,8,-0.6555447312875504,Slight negative
DRREDDY,EQ,2018-08-27,2447.45,2453.0,2462.95,2426.5,2445.0,2443.1,2442.34,457122,1.1164474643E9,21703,155960,34.12,2018,8,-0.17773601095016892,Slight
DRREDDY,EQ,2018-08-28,2443.1,2450.0,2480.0,2407.05,2411.0,2414.5,2436.65,750408,1.82848443795E9,39429,290413,38.7,2018,8,-1.1706438541197621,Negative
DRREDDY,EQ,2018-08-29,2414.5,2420.0,2429.5,2377.5,2380.85,2383.85,2398.03,638133,1.5302595721E9,28365,270371,42.37,2018,8,-1.269413957341068,Negative
DRREDDY,EQ,2018-08-30,2383.85,2385.0,2417.95,2375.05,2386.0,2380.15,2392.55,1078598,2.5805966012E9,46853,288208,26.72,2018,8,-0.15521110808145724,Slight
DRREDDY,EQ,2018-08-31,2380.15,2397.0,2499.0,2395.0,2492.0,2492.0,2453.84,1981320,4.8618417248E9,87414,703986,35.53,2018,8,4.699283658592941,Among top gainers
DRREDDY,EQ,2018-09-03,2492.0,2510.0,2632.0,2495.0,2588.0,2593.4,2586.94,3039924,7.86409141505E9,123862,603811,19.86,2018,9,4.06902086677368,Among top gainers
DRREDDY,EQ,2018-09-04,2593.4,2595.0,2615.0,2537.05,2547.6,2543.1,2563.3,1036459,2.65675163705E9,46925,171286,16.53,2018,9,-1.9395388293360136,Negative
DRREDDY,EQ,2018-09-05,2543.1,2549.3,2590.0,2518.5,2570.0,2567.7,2556.06,1127153,2.8810660947E9,69482,279641,24.81,2018,9,0.9673233455231768,Slight positive
DRREDDY,EQ,2018-09-06,2567.7,2584.0,2620.0,2555.1,2568.6,2566.95,2585.59,1084494,2.80405361105E9,52030,244721,22.57,2018,9,-0.02920901974529735,Slight
DRREDDY,EQ,2018-09-07,2566.95,2575.0,2644.3,2545.6,2625.0,2632.5,2606.38,1306632,3.40557737895E9,85953,401049,30.69,2018,9,2.5536142114182274,Positive
DRREDDY,EQ,2018-09-10,2632.5,2623.8,2659.8,2555.0,2561.1,2563.9,2595.32,1323873,3.43587254125E9,82109,421109,31.81,2018,9,-2.6058879392212693,Negative
DRREDDY,EQ,2018-09-11,2563.9,2578.45,2586.45,2507.1,2538.05,2524.45,2536.37,1136931,2.8836727993E9,65667,470496,41.38,2018,9,-1.5386715550528598,Negative
DRREDDY,EQ,2018-09-12,2524.45,2526.0,2574.45,2487.6,2535.0,2529.15,2528.24,1248825,3.1573230821E9,58076,462971,37.07,2018,9,0.18617916773951843,Slight
DRREDDY,EQ,2018-09-14,2529.15,2555.9,2595.0,2550.05,2581.85,2581.85,2574.06,677333,1.7434985403E9,35443,116541,17.21,2018,9,2.0837040112290617,Positive
DRREDDY,EQ,2018-09-17,2581.85,2581.0,2615.0,2547.9,2572.1,2568.5,2585.47,691773,1.7885577383E9,32907,95508,13.81,2018,9,-0.5170710924337165,Slight negative
DRREDDY,EQ,2018-09-18,2568.5,2579.9,2637.0,2570.0,2598.9,2584.15,2609.59,1111458,2.90044893695E9,73547,261642,23.54,2018,9,0.6093050418532253,Slight positive
DRREDDY,EQ,2018-09-19,2584.15,2603.4,2636.0,2571.0,2620.8,2607.1,2608.44,869947,2.26920669905E9,48204,182027,20.92,2018,9,0.8881063405761979,Slight positive
DRREDDY,EQ,2018-09-21,2607.1,2643.95,2670.8,2441.1,2576.7,2556.25,2603.61,1411007,3.67371552265E9,57434,371139,26.3,2018,9,-1.9504430209811634,Negative
DRREDDY,EQ,2018-09-24,2556.25,2577.8,2600.95,2529.3,2561.6,2553.95,2563.71,688659,1.76552116735E9,27203,142251,20.66,2018,9,-0.0899755501222565,Slight
DRREDDY,EQ,2018-09-25,2553.95,2570.6,2619.25,2550.25,2616.25,2611.7,2595.95,759251,1.9709760685E9,38323,220730,29.07,2018,9,2.2612032342058384,Positive
DRREDDY,EQ,2018-09-26,2611.7,2617.7,2664.2,2591.0,2592.0,2600.85,2625.82,1206238,3.1673658964E9,68621,358067,29.68,2018,9,-0.41543822031626565,Slight
DRREDDY,EQ,2018-09-27,2600.85,2609.9,2620.35,2529.0,2546.2,2541.0,2554.08,1050352,2.68267870945E9,54637,425212,40.48,2018,9,-2.301170771094062,Negative
DRREDDY,EQ,2018-09-28,2541.0,2559.0,2577.0,2484.55,2530.0,2530.65,2538.5,1069703,2.71544175045E9,51912,440528,41.18,2018,9,-0.4073199527744947,Slight
DRREDDY,EQ,2018-10-01,2530.65,2531.0,2540.7,2440.35,2512.0,2508.6,2482.15,762356,1.89228014595E9,38848,229042,30.04,2018,10,-0.8713176456641646,Slight negative
DRREDDY,EQ,2018-10-03,2508.6,2517.0,2549.0,2482.0,2489.0,2489.55,2511.59,705888,1.77289931805E9,37515,121697,17.24,2018,10,-0.7593877062903504,Slight negative
DRREDDY,EQ,2018-10-04,2489.55,2469.0,2493.95,2360.25,2365.05,2372.45,2424.61,804214,1.9499036377E9,42547,274898,34.18,2018,10,-4.703661304251787,Among top losers
DRREDDY,EQ,2018-10-05,2372.45,2356.0,2429.1,2350.3,2385.0,2394.55,2394.74,736953,1.7648132648E9,33445,176334,23.93,2018,10,0.9315264810638945,Slight positive
DRREDDY,EQ,2018-10-08,2394.55,2395.0,2407.75,2332.0,2341.95,2340.1,2361.97,603789,1.42612966575E9,31049,196848,32.6,2018,10,-2.27391367897936,Negative
DRREDDY,EQ,2018-10-09,2340.1,2357.65,2477.0,2341.95,2465.55,2454.15,2421.95,1127674,2.7311730803E9,49397,471084,41.77,2018,10,4.873723345156198,Among top gainers
DRREDDY,EQ,2018-10-10,2454.15,2465.0,2514.05,2456.0,2480.95,2484.6,2479.29,893571,2.2154256389E9,62070,332003,37.15,2018,10,1.2407554550455278,Positive
DRREDDY,EQ,2018-10-11,2484.6,2412.05,2516.0,2408.0,2458.4,2459.0,2463.68,548027,1.3501647142E9,45964,159714,29.14,2018,10,-1.030346937132734,Negative
DRREDDY,EQ,2018-10-12,2459.0,2460.0,2490.95,2432.45,2450.0,2450.5,2462.59,925386,2.2788453001E9,65289,484561,52.36,2018,10,-0.34566897112647416,Slight
DRREDDY,EQ,2018-10-15,2450.5,2461.1,2579.95,2443.4,2567.25,2566.85,2541.5,1123276,2.8548102779E9,56450,269636,24.0,2018,10,4.748010610079572,Among top gainers
DRREDDY,EQ,2018-10-16,2566.85,2566.9,2590.0,2537.5,2568.95,2573.6,2566.4,600003,1.5398476716E9,40753,149298,24.88,2018,10,0.2629682295420457,Slight
DRREDDY,EQ,2018-10-17,2573.6,2580.0,2599.0,2552.0,2566.0,2565.0,2574.59,492009,1.26672050685E9,34482,134426,27.32,2018,10,-0.3341622629779262,Slight
DRREDDY,EQ,2018-10-19,2565.0,2550.0,2582.9,2530.5,2546.0,2552.35,2552.06,436984,1.1152112367E9,31431,140180,32.08,2018,10,-0.49317738791423354,Slight
DRREDDY,EQ,2018-10-22,2552.35,2562.5,2582.65,2496.25,2525.0,2519.4,2546.47,556392,1.4168345194E9,30364,124998,22.47,2018,10,-1.2909671479224958,Negative
DRREDDY,EQ,2018-10-23,2519.4,2524.95,2546.25,2425.1,2481.0,2473.75,2482.71,823509,2.04453644625E9,45639,240966,29.26,2018,10,-1.8119393506390447,Negative
DRREDDY,EQ,2018-10-24,2473.75,2488.0,2497.0,2386.55,2420.0,2434.3,2436.66,725644,1.76814433355E9,39640,205030,28.25,2018,10,-1.5947448206164656,Negative
DRREDDY,EQ,2018-10-25,2434.3,2411.6,2444.95,2380.0,2400.95,2390.5,2401.5,1339300,3.2163349984E9,47409,749646,55.97,2018,10,-1.799285215462358,Negative
DRREDDY,EQ,2018-10-26,2390.5,2391.4,2450.0,2368.05,2398.0,2404.55,2405.61,1125652,2.70787651375E9,55901,213228,18.94,2018,10,0.5877431499686334,Slight positive
DRREDDY,EQ,2018-10-29,2404.55,2440.0,2559.0,2439.9,2531.65,2532.95,2520.7,1030783,2.5982912458E9,54808,204606,19.85,2018,10,5.339876484165421,Among top gainers
DRREDDY,EQ,2018-10-30,2532.95,2530.7,2610.0,2515.25,2593.0,2594.3,2573.94,971039,2.49940002135E9,63580,326559,33.63,2018,10,2.4220770248129795,Positive
DRREDDY,EQ,2018-10-31,2594.3,2438.95,2554.4,2423.05,2542.0,2542.45,2501.0,2272822,5.68433047775E9,129904,515924,22.7,2018,10,-1.9986123424430622,Negative
DRREDDY,EQ,2018-11-01,2542.45,2560.0,2574.45,2446.5,2465.5,2461.6,2503.74,1370566,3.43153550835E9,84125,658351,48.03,2018,11,-3.18000353989262,Among top losers
DRREDDY,EQ,2018-11-02,2461.6,2465.5,2475.9,2403.55,2418.85,2423.25,2434.96,880708,2.1444920286E9,58604,219721,24.95,2018,11,-1.5579298017549525,Negative
DRREDDY,EQ,2018-11-05,2423.25,2440.0,2452.0,2391.0,2413.2,2420.9,2418.26,529589,1.28068331825E9,42546,128778,24.32,2018,11,-0.09697720004126315,Slight
DRREDDY,EQ,2018-11-06,2420.9,2418.7,2460.0,2412.0,2450.75,2450.85,2436.88,378830,9.231626044E8,27122,74306,19.61,2018,11,1.2371432112024379,Positive
DRREDDY,EQ,2018-11-07,2450.85,2460.0,2469.9,2442.0,2456.4,2452.95,2456.49,77956,1.914980036E8,4635,13780,17.68,2018,11,0.08568455841850416,Slight
DRREDDY,EQ,2018-11-09,2452.95,2465.0,2465.0,2389.0,2399.95,2400.0,2414.84,1002927,2.4219109389E9,72955,406131,40.49,2018,11,-2.158625328685861,Negative
DRREDDY,EQ,2018-11-12,2400.0,2413.9,2437.85,2395.0,2418.2,2415.55,2416.91,487888,1.17918071515E9,36905,147552,30.24,2018,11,0.6479166666666742,Slight positive
DRREDDY,EQ,2018-11-13,2415.55,2416.0,2451.0,2415.55,2440.0,2438.05,2435.09,469698,1.1437561527E9,27437,125085,26.63,2018,11,0.9314648837738817,Slight positive
DRREDDY,EQ,2018-11-14,2438.05,2449.9,2470.0,2406.8,2455.0,2449.25,2437.75,430253,1.04884718405E9,24606,118606,27.57,2018,11,0.45938352371771773,Slight
DRREDDY,EQ,2018-11-15,2449.25,2456.8,2497.95,2449.95,2460.0,2461.8,2471.18,498725,1.23244141175E9,30582,77605,15.56,2018,11,0.5124017556394889,Slight positive
DRREDDY,EQ,2018-11-16,2461.8,2463.0,2496.8,2442.05,2472.9,2477.05,2473.71,425810,1.05332997235E9,28542,78857,18.52,2018,11,0.6194654317978714,Slight positive
DRREDDY,EQ,2018-11-19,2477.05,2545.5,2545.6,2490.0,2522.05,2528.6,2517.04,947022,2.3836924536E9,50508,217487,22.97,2018,11,2.081104539674198,Positive
DRREDDY,EQ,2018-11-20,2528.6,2520.1,2520.1,2437.55,2438.25,2443.15,2468.72,541117,1.3358647781E9,34070,141906,26.22,2018,11,-3.379340346436756,Among top losers
DRREDDY,EQ,2018-11-21,2443.15,2608.0,2655.0,2577.15,2600.45,2601.8,2613.55,4485824,1.172393880865E10,197711,1419936,31.65,2018,11,6.493665964021861,Among top gainers
DRREDDY,EQ,2018-11-22,2601.8,2580.0,2619.7,2575.6,2607.3,2608.7,2602.32,1009204,2.6262701994E9,61731,196779,19.5,2018,11,0.26520101468212914,Slight
DRREDDY,EQ,2018-11-26,2608.7,2607.0,2637.9,2521.05,2570.55,2558.6,2579.76,1129634,2.91418226965E9,64613,401709,35.56,2018,11,-1.9204967991719981,Negative
DRREDDY,EQ,2018-11-27,2558.6,2575.0,2602.8,2542.0,2591.0,2588.75,2572.88,1047598,2.69534359665E9,74661,436528,41.67,2018,11,1.1783788009067495,Positive
DRREDDY,EQ,2018-11-28,2588.75,2595.0,2595.35,2547.75,2572.35,2572.3,2565.65,644293,1.65302794145E9,52033,269055,41.76,2018,11,-0.6354418155480374,Slight negative
DRREDDY,EQ,2018-11-29,2572.3,2584.0,2666.7,2575.1,2653.45,2655.3,2617.85,1048293,2.744275397E9,59507,353739,33.74,2018,11,3.2266842903238344,Among top gainers
DRREDDY,EQ,2018-11-30,2655.3,2661.0,2734.55,2657.05,2730.0,2722.2,2701.52,1491828,4.0302105217E9,82889,502540,33.69,2018,11,2.519489323240298,Positive
DRREDDY,EQ,2018-12-03,2722.2,2738.6,2742.6,2652.45,2675.0,2667.9,2691.9,983834,2.6483871322E9,50962,349570,35.53,2018,12,-1.9947101608992628,Negative
DRREDDY,EQ,2018-12-04,2667.9,2688.0,2718.85,2681.8,2704.0,2704.05,2703.98,915453,2.4753646694E9,61577,305846,33.41,2018,12,1.3549983132801113,Positive
DRREDDY,EQ,2018-12-05,2704.05,2696.0,2713.95,2646.6,2673.05,2671.65,2684.93,447631,1.2018574044E9,29477,73362,16.39,2018,12,-1.1982026959560692,Negative
DRREDDY,EQ,2018-12-06,2671.65,2671.0,2681.0,2621.15,2642.0,2641.2,2645.38,515153,1.362774136E9,38038,137929,26.77,2018,12,-1.1397451013418776,Negative
DRREDDY,EQ,2018-12-07,2641.2,2661.0,2714.3,2643.0,2684.35,2692.55,2683.58,1179675,3.16574949925E9,60522,232939,19.75,2018,12,1.9441920339239878,Positive
DRREDDY,EQ,2018-12-10,2692.55,2623.1,2707.0,2623.1,2684.0,2690.45,2682.12,1005187,2.6960360107E9,34024,484756,48.23,2018,12,-0.07799298063175665,Slight
DRREDDY,EQ,2018-12-11,2690.45,2668.5,2749.95,2666.1,2725.0,2716.15,2714.53,840779,2.28231801365E9,48255,216153,25.71,2018,12,0.9552305376424121,Slight positive
DRREDDY,EQ,2018-12-12,2716.15,2670.0,2711.55,2534.1,2597.05,2586.35,2596.13,3413128,8.86093345865E9,164961,710060,20.8,2018,12,-4.778822966331027,Among top losers
DRREDDY,EQ,2018-12-13,2586.35,2625.0,2625.0,2567.2,2604.0,2596.85,2592.95,1037801,2.6909662413E9,57321,73802,7.11,2018,12,0.40597753590967967,Slight
DRREDDY,EQ,2018-12-14,2596.85,2595.0,2609.6,2568.0,2589.2,2591.7,2586.24,586360,1.5164699416E9,41165,118635,20.23,2018,12,-0.1983171919825978,Slight
DRREDDY,EQ,2018-12-17,2591.7,2604.7,2635.0,2600.2,2612.75,2613.15,2619.11,592403,1.55156724055E9,30023,203547,34.36,2018,12,0.8276420882046639,Slight positive
DRREDDY,EQ,2018-12-18,2613.15,2601.8,2645.0,2582.15,2643.4,2639.3,2618.64,739253,1.93583817735E9,61766,274454,37.13,2018,12,1.0007079578286777,Positive
DRREDDY,EQ,2018-12-19,2639.3,2645.0,2651.0,2584.65,2613.0,2613.75,2618.4,841239,2.2027002932E9,49598,265647,31.58,2018,12,-0.9680597128026439,Slight negative
DRREDDY,EQ,2018-12-20,2613.75,2607.7,2633.95,2592.0,2625.95,2628.45,2621.39,493086,1.2925707552E9,31665,156399,31.72,2018,12,0.5624103299856459,Slight positive
DRREDDY,EQ,2018-12-21,2628.45,2609.4,2616.3,2578.1,2602.95,2608.05,2601.37,747959,1.945715619E9,59654,284800,38.08,2018,12,-0.7761228100211013,Slight negative
DRREDDY,EQ,2018-12-24,2608.05,2610.0,2623.1,2578.2,2600.0,2599.8,2595.8,504639,1.3099401115E9,47992,129907,25.74,2018,12,-0.3163282912520849,Slight
DRREDDY,EQ,2018-12-26,2599.8,2598.0,2628.0,2575.2,2626.0,2622.3,2608.55,753624,1.9658624353E9,48338,177452,23.55,2018,12,0.8654511885529655,Slight positive
DRREDDY,EQ,2018-12-27,2622.3,2641.0,2645.0,2581.35,2597.0,2587.45,2601.33,587578,1.52848581195E9,26942,147692,25.14,2018,12,-1.3289860046524182,Negative
DRREDDY,EQ,2018-12-28,2587.45,2605.0,2633.0,2601.1,2622.9,2621.9,2621.94,597700,1.5671308705E9,30062,193303,32.34,2018,12,1.331426694235648,Positive
DRREDDY,EQ,2018-12-31,2621.9,2634.7,2663.8,2610.0,2617.0,2616.5,2639.57,1026529,2.70959277975E9,43412,262770,25.6,2018,12,-0.20595751172813956,Slight
DRREDDY,EQ,2019-01-01,2616.5,2618.1,2634.0,2600.0,2608.0,2607.05,2615.73,338757,8.860953023E8,14470,68831,20.32,2019,1,-0.3611695012421104,Slight
DRREDDY,EQ,2019-01-02,2607.05,2606.0,2618.0,2575.05,2605.05,2601.05,2598.89,417551,1.0851678542E9,23048,151749,36.34,2019,1,-0.23014518325310215,Slight
DRREDDY,EQ,2019-01-03,2601.05,2605.0,2614.8,2564.0,2573.0,2577.35,2580.14,541891,1.3981551586E9,38525,248207,45.8,2019,1,-0.9111704888410553,Slight negative
DRREDDY,EQ,2019-01-04,2577.35,2580.0,2606.0,2562.0,2596.2,2600.0,2588.22,407397,1.0544310918E9,29388,157448,38.65,2019,1,0.878809630046369,Slight positive
DRREDDY,EQ,2019-01-07,2600.0,2613.85,2613.85,2537.3,2560.0,2558.65,2566.27,542415,1.39198067185E9,32378,144546,26.65,2019,1,-1.590384615384612,Negative
DRREDDY,EQ,2019-01-08,2558.65,2561.0,2586.85,2551.0,2571.3,2570.5,2569.28,689498,1.77151241705E9,31706,261120,37.87,2019,1,0.4631348562718585,Slight
DRREDDY,EQ,2019-01-09,2570.5,2580.9,2610.9,2580.9,2597.9,2603.1,2595.85,464336,1.205346029E9,28282,164375,35.4,2019,1,1.2682357517992573,Positive
DRREDDY,EQ,2019-01-10,2603.1,2598.1,2610.0,2583.15,2609.25,2600.4,2595.29,390414,1.0132389582E9,21434,192517,49.31,2019,1,-0.10372248472973832,Slight
DRREDDY,EQ,2019-01-11,2600.4,2610.8,2610.8,2580.0,2585.35,2588.15,2591.77,316787,8.2104020735E8,19199,124237,39.22,2019,1,-0.4710813720966005,Slight
DRREDDY,EQ,2019-01-14,2588.15,2585.35,2605.0,2555.0,2574.25,2578.8,2580.93,394478,1.01811869095E9,33557,140981,35.74,2019,1,-0.3612619052218731,Slight
DRREDDY,EQ,2019-01-15,2578.8,2585.0,2604.0,2581.35,2601.0,2594.8,2593.83,357577,9.2749496265E8,31809,155946,43.61,2019,1,0.6204436171862882,Slight positive
DRREDDY,EQ,2019-01-16,2594.8,2580.0,2627.7,2575.3,2615.15,2616.95,2605.66,946148,2.46533821715E9,41517,330971,34.98,2019,1,0.8536303375982593,Slight positive
DRREDDY,EQ,2019-01-17,2616.95,2620.0,2628.8,2600.0,2619.5,2619.15,2612.92,649802,1.6978808086E9,33739,352658,54.27,2019,1,0.08406733028908742,Slight
DRREDDY,EQ,2019-01-18,2619.15,2605.0,2629.35,2594.5,2600.0,2596.8,2605.34,536273,1.39717568375E9,26318,274712,51.23,2019,1,-0.8533302789072755,Slight negative
DRREDDY,EQ,2019-01-21,2596.8,2605.0,2642.0,2581.8,2593.9,2599.8,2621.13,595064,1.5597428174E9,43260,189850,31.9,2019,1,0.1155268022181146,Slight
DRREDDY,EQ,2019-01-22,2599.8,2599.1,2645.0,2589.95,2639.2,2640.3,2625.23,776066,2.0373526193E9,59467,394517,50.84,2019,1,1.557812139395338,Positive
DRREDDY,EQ,2019-01-23,2640.3,2639.85,2660.0,2630.0,2641.5,2646.75,2647.18,754526,1.9973657088E9,41722,323121,42.82,2019,1,0.24429042154299957,Slight
DRREDDY,EQ,2019-01-24,2646.75,2642.05,2674.7,2642.05,2668.25,2668.45,2663.21,611565,1.62872872785E9,52031,261933,42.83,2019,1,0.8198734296779,Slight positive
DRREDDY,EQ,2019-01-25,2668.45,2670.5,2691.0,2645.5,2662.0,2672.4,2673.45,609282,1.6288829315E9,32973,347835,57.09,2019,1,0.14802600760742277,Slight
DRREDDY,EQ,2019-01-28,2672.4,2671.9,2671.9,2597.05,2627.25,2624.75,2637.26,684994,1.8065104265E9,45191,352472,51.46,2019,1,-1.7830414608591563,Negative
DRREDDY,EQ,2019-01-29,2624.75,2616.0,2684.0,2603.0,2660.0,2666.45,2664.35,867696,2.31184593595E9,51985,434850,50.12,2019,1,1.588722735498612,Positive
DRREDDY,EQ,2019-01-30,2666.45,2655.05,2680.0,2637.45,2654.65,2665.4,2658.4,657014,1.74660475375E9,47687,303944,46.26,2019,1,-0.03937819947869742,Slight
DRREDDY,EQ,2019-01-31,2665.4,2665.0,2728.55,2651.0,2718.15,2720.8,2692.97,1231518,3.31643959055E9,72684,580880,47.17,2019,1,2.0784872814586963,Positive
DRREDDY,EQ,2019-02-01,2720.8,2717.7,2819.0,2715.15,2811.05,2791.25,2759.72,1450995,4.00433924625E9,76667,462528,31.88,2019,2,2.5893119670685025,Positive
DRREDDY,EQ,2019-02-04,2791.25,2807.9,2878.0,2715.25,2735.25,2735.2,2806.62,2149582,6.0330564264E9,99783,633547,29.47,2019,2,-2.0080609046126354,Negative
DRREDDY,EQ,2019-02-05,2735.2,2775.2,2859.85,2773.0,2817.05,2821.45,2810.73,1653331,4.64707140435E9,78972,301094,18.21,2019,2,3.1533343082772745,Among top gainers
DRREDDY,EQ,2019-02-06,2821.45,2816.0,2816.0,2761.0,2792.0,2789.7,2781.13,881795,2.45238930175E9,44911,274223,31.1,2019,2,-1.1253079090538554,Negative
DRREDDY,EQ,2019-02-07,2789.7,2791.0,2835.0,2791.0,2821.8,2821.8,2817.55,561804,1.5829132483E9,28363,118377,21.07,2019,2,1.1506613614367267,Positive
DRREDDY,EQ,2019-02-08,2821.8,2818.0,2818.0,2751.65,2776.2,2769.7,2770.78,714193,1.97887006665E9,27135,235802,33.02,2019,2,-1.8463392161032093,Negative
DRREDDY,EQ,2019-02-11,2769.7,2660.1,2707.95,2559.35,2615.0,2615.35,2625.58,1895462,4.97667891195E9,102722,447358,23.6,2019,2,-5.5728057190309395,Among top losers
DRREDDY,EQ,2019-02-12,2615.35,2619.0,2676.45,2584.0,2663.0,2652.5,2632.82,1309324,3.4472177687E9,67209,317580,24.26,2019,2,1.4204599766761654,Positive
DRREDDY,EQ,2019-02-13,2652.5,2665.0,2681.75,2632.0,2652.5,2648.7,2647.88,676457,1.79117496795E9,42602,239329,35.38,2019,2,-0.1432610744580653,Slight
DRREDDY,EQ,2019-02-14,2648.7,2648.7,2674.95,2616.0,2660.0,2667.25,2647.77,597409,1.58180154665E9,38745,238996,40.01,2019,2,0.7003435647676287,Slight positive
DRREDDY,EQ,2019-02-15,2667.25,2660.0,2660.0,1872.95,2555.95,2563.35,2453.96,6756271,1.65795943612E10,354965,666933,9.87,2019,2,-3.8953978817133788,Among top losers
DRREDDY,EQ,2019-02-18,2563.35,2650.0,2689.65,2545.05,2564.05,2565.55,2594.96,2687581,6.9741675205E9,137088,419266,15.6,2019,2,0.08582518969318559,Slight
DRREDDY,EQ,2019-02-19,2565.55,2583.95,2610.0,2505.1,2537.0,2536.9,2547.16,2269798,5.7815323027E9,93327,493457,21.74,2019,2,-1.1167196117791542,Negative
DRREDDY,EQ,2019-02-20,2536.9,2574.9,2584.0,2508.55,2528.0,2525.15,2532.49,1559722,3.9499881412E9,79284,423214,27.13,2019,2,-0.46316370373290233,Slight
DRREDDY,EQ,2019-02-21,2525.15,2550.0,2606.0,2519.85,2604.05,2586.3,2547.36,1310397,3.33804913585E9,59922,456480,34.84,2019,2,2.4216383185157353,Positive
DRREDDY,EQ,2019-02-22,2586.3,2584.75,2650.0,2555.7,2630.0,2639.5,2615.24,1378159,3.6042225495E9,59939,198897,14.43,2019,2,2.056992614932522,Positive
DRREDDY,EQ,2019-02-25,2639.5,2640.25,2694.95,2622.8,2656.0,2666.9,2671.13,1275515,3.40706813585E9,60493,336680,26.4,2019,2,1.0380753930668722,Positive
DRREDDY,EQ,2019-02-26,2666.9,2653.9,2659.9,2628.95,2641.0,2647.8,2646.73,1013114,2.6814342133E9,42155,411799,40.65,2019,2,-0.7161873336083059,Slight negative
DRREDDY,EQ,2019-02-27,2647.8,2664.5,2683.0,2630.05,2645.5,2646.9,2660.37,793098,2.10993139965E9,45839,261331,32.95,2019,2,-0.033990482664857276,Slight
DRREDDY,EQ,2019-02-28,2646.9,2669.0,2669.0,2615.25,2619.0,2631.65,2644.94,669759,1.7714747621E9,41838,279351,41.71,2019,2,-0.5761456798519022,Slight negative
DRREDDY,EQ,2019-03-01,2631.65,2638.0,2657.1,2580.05,2648.0,2646.0,2616.79,885795,2.31793956735E9,49859,219684,24.8,2019,3,0.5452852772975095,Slight positive
DRREDDY,EQ,2019-03-05,2646.0,2635.0,2668.8,2604.6,2660.0,2654.1,2632.79,646711,1.7026561428E9,37878,107471,16.62,2019,3,0.3061224489795884,Slight
DRREDDY,EQ,2019-03-06,2654.1,2660.6,2708.5,2656.65,2692.5,2693.65,2688.58,852395,2.29173051005E9,39494,287391,33.72,2019,3,1.4901473192419346,Positive
DRREDDY,EQ,2019-03-07,2693.65,2690.0,2725.9,2668.9,2669.1,2680.75,2701.16,916759,2.4763085479E9,39663,374509,40.85,2019,3,-0.47890408924693595,Slight
DRREDDY,EQ,2019-03-08,2680.75,2668.0,2685.95,2606.5,2623.0,2615.05,2636.09,684806,1.805207639E9,31680,252731,36.91,2019,3,-2.4508066772358412,Negative
DRREDDY,EQ,2019-03-11,2615.05,2628.0,2656.0,2611.05,2630.0,2626.15,2633.82,1113712,2.93331635355E9,36068,566235,50.84,2019,3,0.4244660713944249,Slight
DRREDDY,EQ,2019-03-12,2626.15,2647.0,2676.0,2638.0,2663.0,2666.85,2660.08,544868,1.4493920169E9,30259,121601,22.32,2019,3,1.5497972316889674,Positive
DRREDDY,EQ,2019-03-13,2666.85,2663.0,2710.0,2644.6,2655.0,2655.85,2685.16,704078,1.89055857345E9,43330,210866,29.95,2019,3,-0.412471642574573,Slight
DRREDDY,EQ,2019-03-14,2655.85,2655.85,2670.9,2616.0,2647.95,2647.9,2637.62,483712,1.27585065105E9,37307,102324,21.15,2019,3,-0.29933919460812236,Slight
DRREDDY,EQ,2019-03-15,2647.9,2655.5,2693.75,2640.95,2657.95,2658.9,2665.32,1436054,3.82753764065E9,46009,958858,66.77,2019,3,0.4154235431851656,Slight
DRREDDY,EQ,2019-03-18,2658.9,2658.4,2674.3,2643.15,2660.0,2669.45,2660.6,454563,1.2094090343E9,22546,163017,35.86,2019,3,0.3967806235661261,Slight
DRREDDY,EQ,2019-03-19,2669.45,2670.0,2717.25,2669.45,2713.0,2708.7,2704.57,918056,2.4829495263E9,43837,363223,39.56,2019,3,1.4703403322781847,Positive
DRREDDY,EQ,2019-03-20,2708.7,2709.0,2760.0,2709.0,2757.85,2751.65,2744.91,1151949,3.16200143615E9,58163,564745,49.03,2019,3,1.5856314837375964,Positive
DRREDDY,EQ,2019-03-22,2751.65,2779.0,2779.0,2738.5,2749.25,2751.3,2755.1,685401,1.88834563115E9,42012,274406,40.04,2019,3,-0.012719640942703798,Slight
DRREDDY,EQ,2019-03-25,2751.3,2744.9,2798.0,2726.75,2766.0,2780.95,2775.47,1009863,2.80284777215E9,43327,359522,35.6,2019,3,1.0776723730599946,Positive
DRREDDY,EQ,2019-03-26,2780.95,2791.0,2793.95,2762.5,2776.65,2782.35,2779.31,484102,1.3454689822E9,30991,150125,31.01,2019,3,0.05034250885489099,Slight
DRREDDY,EQ,2019-03-27,2782.35,2781.05,2814.0,2744.1,2764.0,2765.05,2787.77,659032,1.83723144025E9,34571,241340,36.62,2019,3,-0.6217765557891612,Slight negative
DRREDDY,EQ,2019-03-28,2765.05,2774.7,2774.7,2708.0,2723.0,2717.2,2723.62,663559,1.8072827992E9,39918,214462,32.32,2019,3,-1.7305292851847294,Negative
DRREDDY,EQ,2019-03-29,2717.2,2739.7,2787.95,2733.2,2782.0,2780.25,2761.72,578347,1.59723227075E9,38492,169020,29.22,2019,3,2.320403356396297,Positive
DRREDDY,EQ,2019-04-01,2780.25,2798.95,2822.75,2782.0,2800.0,2794.8,2802.3,791811,2.21888834965E9,41556,305304,38.56,2019,4,0.5233342325330521,Slight positive
DRREDDY,EQ,2019-04-02,2794.8,2804.0,2820.0,2780.0,2792.0,2798.75,2794.17,588391,1.6440665345E9,56964,307603,52.28,2019,4,0.14133390582509725,Slight
DRREDDY,EQ,2019-04-03,2798.75,2808.0,2808.8,2758.45,2768.95,2765.2,2779.15,368516,1.02415945765E9,32686,137714,37.37,2019,4,-1.198749441715058,Negative
DRREDDY,EQ,2019-04-04,2765.2,2772.75,2792.55,2753.5,2770.0,2771.35,2775.02,438496,1.21683693885E9,46123,226424,51.64,2019,4,0.2224070591638974,Slight
DRREDDY,EQ,2019-04-05,2771.35,2775.8,2778.0,2742.5,2752.95,2754.35,2756.4,445093,1.2268526806E9,38302,227078,51.02,2019,4,-0.6134194526133473,Slight negative
DRREDDY,EQ,2019-04-08,2754.35,2760.0,2780.0,2745.5,2761.0,2763.7,2762.75,307007,8.4818494755E8,26062,122101,39.77,2019,4,0.33946303120518123,Slight
DRREDDY,EQ,2019-04-09,2763.7,2764.0,2765.95,2736.9,2751.55,2753.3,2748.04,413081,1.1351627357E9,29304,234542,56.78,2019,4,-0.37630712450698833,Slight
DRREDDY,EQ,2019-04-10,2753.3,2752.15,2835.9,2746.1,2761.05,2765.0,2789.0,1077211,3.0043376774E9,62976,294919,27.38,2019,4,0.4249446119202345,Slight
DRREDDY,EQ,2019-04-11,2765.0,2772.65,2815.0,2757.85,2808.0,2811.75,2798.87,637345,1.78384434205E9,37852,165963,26.04,2019,4,1.6907775768535263,Positive
DRREDDY,EQ,2019-04-12,2811.75,2800.0,2821.0,2786.05,2796.25,2807.05,2807.51,606222,1.7019715398E9,42272,262940,43.37,2019,4,-0.16715568596069416,Slight
DRREDDY,EQ,2019-04-15,2807.05,2821.6,2829.8,2781.0,2790.15,2792.8,2796.19,556519,1.5561326856E9,29474,230655,41.45,2019,4,-0.5076503802924779,Slight negative
DRREDDY,EQ,2019-04-16,2792.8,2831.0,2840.0,2807.0,2823.6,2825.1,2824.13,771487,2.1787765052E9,40270,339041,43.95,2019,4,1.1565454024634676,Positive
DRREDDY,EQ,2019-04-18,2825.1,2827.95,2827.95,2791.35,2802.5,2799.1,2804.4,433608,1.21600949125E9,58667,202598,46.72,2019,4,-0.9203214045520512,Slight negative
DRREDDY,EQ,2019-04-22,2799.1,2810.0,2819.95,2775.0,2797.95,2795.7,2797.7,347230,9.714442624E8,18450,87152,25.1,2019,4,-0.12146761459040731,Slight
DRREDDY,EQ,2019-04-23,2795.7,2800.5,2832.65,2800.5,2822.3,2822.15,2822.51,475888,1.34320057575E9,27902,154138,32.39,2019,4,0.9460957899631676,Slight positive
DRREDDY,EQ,2019-04-24,2822.15,2835.0,2875.0,2813.1,2853.7,2859.4,2841.85,748185,2.1262302314E9,53828,368626,49.27,2019,4,1.319915667133214,Positive
DRREDDY,EQ,2019-04-25,2859.4,2851.65,2940.0,2839.45,2936.7,2924.9,2907.99,1087724,3.1630891287E9,54646,421277,38.73,2019,4,2.29069035461985,Positive
DRREDDY,EQ,2019-04-26,2924.9,2934.0,2953.5,2875.55,2895.15,2892.25,2910.96,925723,2.6947446938E9,38640,270595,29.23,2019,4,-1.1162774795719543,Negative
DRREDDY,EQ,2019-04-30,2892.25,2903.95,2950.0,2895.3,2933.8,2933.75,2930.99,601275,1.76233237625E9,60244,242428,40.32,2019,4,1.4348690465900251,Positive
DRREDDY,EQ,2019-05-02,2933.75,2925.0,2964.0,2905.0,2906.65,2919.9,2938.67,588092,1.72820588465E9,41762,236840,40.27,2019,5,-0.47209203238176084,Slight
DRREDDY,EQ,2019-05-03,2919.9,2910.1,2932.75,2890.7,2906.1,2907.45,2909.97,364533,1.06077958185E9,23615,87264,23.94,2019,5,-0.42638446522142104,Slight
DRREDDY,EQ,2019-05-06,2907.45,2896.95,2929.95,2888.0,2916.5,2920.6,2914.05,411016,1.1977229597E9,20237,161512,39.3,2019,5,0.4522863677793287,Slight
DRREDDY,EQ,2019-05-07,2920.6,2936.0,2952.0,2925.25,2942.5,2942.45,2941.98,458140,1.3478369954E9,32395,181191,39.55,2019,5,0.748133945079775,Slight positive
DRREDDY,EQ,2019-05-08,2942.45,2943.0,2947.8,2882.6,2897.15,2900.5,2905.23,450398,1.30851162215E9,33704,176395,39.16,2019,5,-1.4256826793998139,Negative
DRREDDY,EQ,2019-05-09,2900.5,2882.25,2909.3,2838.6,2908.4,2900.6,2868.41,731120,2.0971502619E9,40021,252493,34.54,2019,5,0.003447681434232341,Slight
DRREDDY,EQ,2019-05-10,2900.6,2908.0,2917.2,2866.35,2873.0,2876.4,2883.47,339092,9.7776048445E8,27127,127133,37.49,2019,5,-0.8343101427290843,Slight negative
DRREDDY,EQ,2019-05-13,2876.4,2850.05,2859.95,2777.65,2801.15,2802.75,2828.01,659200,1.8642235773E9,30574,195150,29.6,2019,5,-2.5604922820191938,Negative
