Symbol,Series,Date,Prev_Close,Open_Price,High_Price,Low_Price,Last_Price,Close_Price,Average_Price,Total_Traded_Quantity,Turnover,No_of_Trades,Deliverable_Qty,Percent_Dly_Qt_to_Traded_Qty,Date_Year,Date_Month,Day_Perc_Change,Trend
IDFC,EQ,2017-05-15,63.35,63.95,64.35,63.25,63.65,63.70,63.74,2754130,175543313.65,10529,1119918,40.66,2017,5,0,Slight
IDFC,EQ,2017-05-16,63.70,64,64.60,62.90,64.55,64.25,63.80,4014549,256135522.95,12172,1694524,42.21,2017,5,0.01,Slight
IDFC,EQ,2017-05-17,64.25,64.65,64.65,63.25,63.25,63.35,63.58,4184709,266048669.85,6189,2802239,66.96,2017,5,-0.01,Slight
IDFC,EQ,2017-05-18,63.35,62.40,62.60,61.20,61.35,61.50,61.85,6040654,373622920.90,14151,2475921,40.99,2017,5,-0.03,Slight
IDFC,EQ,2017-05-19,61.50,61.85,62.30,60.30,61,61.15,61.20,3697284,226272136.60,7537,1711047,46.28,2017,5,-0.01,Slight
IDFC,EQ,2017-05-22,61.15,61.30,61.70,60,60.10,60.20,60.62,3714457,225183874.20,9335,1491139,40.14,2017,5,-0.02,Slight
IDFC,EQ,2017-05-23,60.20,60.30,60.45,57.30,58.20,58.25,58.59,3616589,211897512.80,9665,897898,24.83,2017,5,-0.03,Slight
IDFC,EQ,2017-05-24,58.25,58.20,58.90,56.40,56.75,56.90,57.52,4987978,286904990.05,9410,1666628,33.41,2017,5,-0.02,Slight
IDFC,EQ,2017-05-25,56.90,57.30,58.35,56.20,57.70,57.60,57.54,29243828,1682796956.40,30826,18794467,64.27,2017,5,0.01,Slight
IDFC,EQ,2017-05-26,57.60,57.80,59.60,57.50,59.45,59.25,58.79,4264464,250716809.40,7597,1994291,46.77,2017,5,0.03,Slight
IDFC,EQ,2017-05-29,59.25,59.30,59.50,57.90,58.50,58.35,58.63,4465533,261816592.05,7958,2467805,55.26,2017,5,-0.02,Slight
IDFC,EQ,2017-05-30,58.35,58.20,59.55,57.55,59.15,59.15,58.72,4192784,246181589.30,7911,2145253,51.17,2017,5,0.01,Slight
IDFC,EQ,2017-05-31,59.15,59.30,59.75,58.80,59.15,59.05,59.16,2288705,135396344.70,4324,987975,43.17,2017,5,-0.00,Slight
IDFC,EQ,2017-06-01,59.05,58.75,59.40,58.10,59,59.15,58.74,1926329,113158736.85,5010,591973,30.73,2017,6,0.00,Slight
IDFC,EQ,2017-06-02,59.15,59.40,60,59,59.20,59.40,59.60,3069321,182946558.85,5501,1483205,48.32,2017,6,0.00,Slight
IDFC,EQ,2017-06-05,59.40,59.20,59.70,58.90,59,59,59.13,1755635,103806023.40,5032,821941,46.82,2017,6,-0.01,Slight
IDFC,EQ,2017-06-06,59,59.25,59.25,57.85,58.55,58.70,58.60,4148126,243093221.60,12608,2125806,51.25,2017,6,-0.01,Slight
IDFC,EQ,2017-06-07,58.70,58.70,59.05,58.25,59,58.70,58.67,1591564,93370699.30,5346,592858,37.25,2017,6,0,Slight
IDFC,EQ,2017-06-08,58.70,59.10,59.10,57.40,57.50,57.65,57.82,4239089,245095669.50,9582,2157386,50.89,2017,6,-0.02,Slight
IDFC,EQ,2017-06-09,57.65,57.50,57.80,57.10,57.45,57.65,57.54,1183799,68120189.65,3309,377796,31.91,2017,6,0,Slight
IDFC,EQ,2017-06-12,57.65,57.40,57.55,56.25,56.35,56.40,56.79,1713896,97328988.85,4410,654442,38.18,2017,6,-0.02,Slight
IDFC,EQ,2017-06-13,56.40,56.60,56.95,56.30,56.35,56.50,56.66,1213899,68782317.80,3641,410504,33.82,2017,6,0.00,Slight
IDFC,EQ,2017-06-14,56.50,56.40,56.95,56.15,56.75,56.50,56.56,1003347,56746354.95,3624,298043,29.70,2017,6,0,Slight
IDFC,EQ,2017-06-15,56.50,56.90,57.50,56.35,56.55,56.60,56.85,3671049,208712077.40,9731,1434768,39.08,2017,6,0.00,Slight
IDFC,EQ,2017-06-16,56.60,57,57.35,56.40,57,57.05,56.87,2646538,150521261.35,5696,1077489,40.71,2017,6,0.01,Slight
IDFC,EQ,2017-06-19,57.05,57.25,57.55,56.70,56.95,57.05,57,1803732,102810667.25,6100,452818,25.10,2017,6,0,Slight
IDFC,EQ,2017-06-20,57.05,57.30,58.25,56.85,58,57.95,57.60,2702452,155660570.50,5853,1300895,48.14,2017,6,0.02,Slight
IDFC,EQ,2017-06-21,57.95,57.80,58,56.95,57.35,57.40,57.44,3767928,216431353,4780,2043615,54.24,2017,6,-0.01,Slight
IDFC,EQ,2017-06-22,57.40,59.20,59.40,57.50,57.50,57.70,58.24,9684227,564005586.25,22058,4249861,43.88,2017,6,0.01,Slight
IDFC,EQ,2017-06-23,57.70,57.60,57.90,55.90,56.05,56.20,56.58,2269798,128417147.95,8095,740579,32.63,2017,6,-0.03,Slight
IDFC,EQ,2017-06-27,56.20,56.45,56.70,54.70,55.05,54.95,55.67,3091368,172096251.10,9316,1069793,34.61,2017,6,-0.02,Slight
IDFC,EQ,2017-06-28,54.95,54.30,55.75,54.30,55.70,55.60,55.18,4481435,247289606.40,7320,2350465,52.45,2017,6,0.01,Slight
IDFC,EQ,2017-06-29,55.60,55.70,56.20,54.65,55.30,55.15,55.23,24714221,1364909247,41540,12640269,51.15,2017,6,-0.01,Slight
IDFC,EQ,2017-06-30,55.15,54.85,56.80,54.15,54.30,55.25,55.10,14607378,804857323.10,14585,9430999,64.56,2017,6,0.00,Slight
IDFC,EQ,2017-07-03,55.25,54.30,54.55,53.90,54.15,54.20,54.29,7578461,411449344.65,16489,4813839,63.52,2017,7,-0.02,Slight
IDFC,EQ,2017-07-04,54.20,54.40,56.50,54.30,54.85,54.90,55.57,20418061,1134559157.45,44154,12733058,62.36,2017,7,0.01,Slight
IDFC,EQ,2017-07-05,54.90,55.20,60.75,54.75,60.55,60.45,58.13,34021165,1977561306.85,73827,11141437,32.75,2017,7,0.10,Slight
IDFC,EQ,2017-07-06,60.45,61.35,62.40,59.90,60.15,60.65,61.22,30472182,1865472681.40,63581,8812573,28.92,2017,7,0.00,Slight
IDFC,EQ,2017-07-07,60.65,62,62.10,59.30,60,59.95,60.29,19776663,1192413106.60,55200,9355607,47.31,2017,7,-0.01,Slight
IDFC,EQ,2017-07-10,59.95,65.90,68.90,56.05,56.45,56.50,57.97,11221799,650556667.80,24189,4237974,37.77,2017,7,-0.06,Slight
IDFC,EQ,2017-07-11,56.50,57.25,57.65,55.70,55.95,56,56.71,11236099,637199432.60,36063,4776312,42.51,2017,7,-0.01,Slight
IDFC,EQ,2017-07-12,56,56.10,57.60,55.65,57.15,57.30,56.82,9006350,511744740.15,18860,2906379,32.27,2017,7,0.02,Slight
IDFC,EQ,2017-07-13,57.30,57.65,57.65,56.25,56.50,56.50,56.89,4410767,250930207.95,10804,1400752,31.76,2017,7,-0.01,Slight
IDFC,EQ,2017-07-14,56.50,56.70,56.80,55.90,56.10,56.15,56.26,4430191,249243592.20,14631,1890234,42.67,2017,7,-0.01,Slight
IDFC,EQ,2017-07-17,56.15,56.15,56.50,55.55,56.05,56.10,56.02,4155261,232769747.55,9804,1740779,41.89,2017,7,-0.00,Slight
IDFC,EQ,2017-07-18,56.10,55.70,57.75,55.45,57.40,57.30,56.97,16058598,914841915.35,29020,9104844,56.70,2017,7,0.02,Slight
IDFC,EQ,2017-07-19,57.30,57.80,59.70,57.50,59.50,59.40,58.69,14025162,823106843.85,27213,6722842,47.93,2017,7,0.04,Slight
IDFC,EQ,2017-07-20,59.40,59.45,60.35,58.65,59,59.10,59.28,12910157,765361981.45,21175,5197163,40.26,2017,7,-0.01,Slight
IDFC,EQ,2017-07-21,59.10,59.40,59.70,57.20,58.35,58.30,58.70,5602121,328861418.55,18370,1978598,35.32,2017,7,-0.01,Slight
IDFC,EQ,2017-07-24,58.30,58.55,59.40,58.35,58.95,58.95,58.97,5154605,303990937.95,14959,1931087,37.46,2017,7,0.01,Slight
IDFC,EQ,2017-07-25,58.95,59,59.25,58.20,58.40,58.65,58.72,4083565,239768483.45,16941,1843739,45.15,2017,7,-0.01,Slight
IDFC,EQ,2017-07-26,58.65,58.95,59.10,58.20,58.35,58.35,58.61,5023303,294428243.15,14148,2573979,51.24,2017,7,-0.01,Slight
IDFC,EQ,2017-07-27,58.35,58.55,59.20,57.35,57.60,57.60,58,17698654,1026445036.50,23419,8940782,50.52,2017,7,-0.01,Slight
IDFC,EQ,2017-07-28,57.60,58.60,60.45,58.05,59.50,59.55,59.50,15633060,930153888.75,40045,5451998,34.87,2017,7,0.03,Slight
IDFC,EQ,2017-07-31,59.55,59.55,59.80,58.55,58.70,58.75,59.05,5510634,325387589,11238,2658617,48.25,2017,7,-0.01,Slight
IDFC,EQ,2017-08-01,58.75,59.35,59.60,58.60,58.70,58.70,59.01,4789084,282585240.10,10193,2760336,57.64,2017,8,-0.00,Slight
IDFC,EQ,2017-08-02,58.70,58.90,59.30,57.60,57.90,58.20,58.30,5402562,314944037.80,11085,2735901,50.64,2017,8,-0.01,Slight
IDFC,EQ,2017-08-03,58.20,58.20,58.20,56.65,56.75,56.95,57.37,3419930,196214812.40,8768,1719361,50.27,2017,8,-0.02,Slight
IDFC,EQ,2017-08-04,56.95,56.65,57.70,56.25,57.55,57.55,57.10,7583139,432989102.75,16683,2991064,39.44,2017,8,0.01,Slight
IDFC,EQ,2017-08-07,57.55,57.85,58.80,57.15,58.65,58.55,58,3173240,184049997.45,8969,1412100,44.50,2017,8,0.02,Slight
IDFC,EQ,2017-08-08,58.55,58.70,58.80,56.75,56.85,56.90,57.41,3164313,181650441.20,7939,1380482,43.63,2017,8,-0.03,Slight
IDFC,EQ,2017-08-09,56.90,56.90,57.80,56.15,56.25,56.40,57,3947103,225000042.20,11153,1482422,37.56,2017,8,-0.01,Slight
IDFC,EQ,2017-08-10,56.40,56.10,56.65,53.55,54.75,54.65,55.50,7875252,437073973.65,14689,4184491,53.13,2017,8,-0.03,Slight
IDFC,EQ,2017-08-11,54.65,53.90,55.15,52.80,53.45,53.60,53.88,8753130,471589845.30,16886,4040513,46.16,2017,8,-0.02,Slight
IDFC,EQ,2017-08-14,53.60,54.10,55.25,53.90,54.60,54.70,54.64,6308470,344668046.75,10874,3091390,49,2017,8,0.02,Slight
IDFC,EQ,2017-08-16,54.70,55,57.10,54.60,56.65,56.75,56.02,8179989,458208031.20,17278,3709754,45.35,2017,8,0.04,Slight
IDFC,EQ,2017-08-17,56.75,56.95,57.60,56.10,56.55,56.45,56.62,9076767,513956866.65,17215,4368916,48.13,2017,8,-0.01,Slight
IDFC,EQ,2017-08-18,56.45,56,56.40,55.35,55.90,55.85,55.92,2839275,158766737.35,6184,1144856,40.32,2017,8,-0.01,Slight
IDFC,EQ,2017-08-21,55.85,55.90,56.10,54.05,54.20,54.30,55.21,3575892,197419934.70,6980,2091061,58.48,2017,8,-0.03,Slight
IDFC,EQ,2017-08-22,54.30,53.70,54.80,53.50,53.85,53.85,54.01,2318267,125207779.85,9204,695774,30.01,2017,8,-0.01,Slight
IDFC,EQ,2017-08-23,53.85,54.05,55.10,53.95,55,54.85,54.61,1686106,92071126.65,4282,544774,32.31,2017,8,0.02,Slight
IDFC,EQ,2017-08-24,54.85,55,55,54.30,54.45,54.60,54.57,3347726,182677902.50,5176,1808932,54.03,2017,8,-0.00,Slight
IDFC,EQ,2017-08-28,54.60,54.85,55.65,54.60,55.05,55,55.04,5637700,310273506.65,5895,3825810,67.86,2017,8,0.01,Slight
IDFC,EQ,2017-08-29,55,54.80,54.85,54,54.15,54.05,54.44,3161546,172106377.55,5111,1394454,44.11,2017,8,-0.02,Slight
IDFC,EQ,2017-08-30,54.05,54.50,54.95,54.30,54.65,54.60,54.60,1792508,97871338.85,3614,757257,42.25,2017,8,0.01,Slight
IDFC,EQ,2017-08-31,54.60,54.70,55.50,54.05,54.80,54.45,54.47,25442983,1385830091.90,15000,13169469,51.76,2017,8,-0.00,Slight
IDFC,EQ,2017-09-01,54.45,54.95,58.35,54.85,57.80,57.90,57.20,12363037,707142526.40,24951,2670895,21.60,2017,9,0.06,Slight
IDFC,EQ,2017-09-04,57.90,58.10,59.05,56.80,58.30,58.40,57.90,8889674,514695329.20,16210,3373076,37.94,2017,9,0.01,Slight
IDFC,EQ,2017-09-05,58.40,58.85,59.55,58.25,59.20,59.20,59.03,8269819,488136437.05,12318,3641815,44.04,2017,9,0.01,Slight
IDFC,EQ,2017-09-06,59.20,58.85,60.60,58.55,60.45,60.25,59.74,9639067,575810105.60,16110,3597167,37.32,2017,9,0.02,Slight
IDFC,EQ,2017-09-07,60.25,60.50,61.05,59.50,60.15,60.20,60.25,8480374,510917447.55,12111,4204854,49.58,2017,9,-0.00,Slight
IDFC,EQ,2017-09-08,60.20,60.30,60.55,58.55,59,58.95,59.16,5193607,307267735.80,12474,2083203,40.11,2017,9,-0.02,Slight
IDFC,EQ,2017-09-11,58.95,59.30,59.60,58.70,58.85,58.95,59.12,4307850,254688830.50,8762,2132199,49.50,2017,9,0,Slight
IDFC,EQ,2017-09-12,58.95,59.10,59.25,57.95,58.65,58.70,58.55,5943041,347938819.50,14173,2681371,45.12,2017,9,-0.00,Slight
IDFC,EQ,2017-09-13,58.70,58.65,61.75,58.50,58.75,58.75,59.80,21514007,1286495790.75,24784,10358419,48.15,2017,9,0.00,Slight
IDFC,EQ,2017-09-14,58.75,58.70,61.60,58.70,61.40,61.40,60.62,16054004,973152652.40,27461,6016012,37.47,2017,9,0.05,Slight
IDFC,EQ,2017-09-15,61.40,61,62.50,60.30,61.70,62.10,61.64,13342713,822397514.30,24879,6063127,45.44,2017,9,0.01,Slight
IDFC,EQ,2017-09-18,62.10,62.40,63.25,62,62.30,62.30,62.46,12524338,782327057.55,20043,6477606,51.72,2017,9,0.00,Slight
IDFC,EQ,2017-09-19,62.30,62.45,63.60,61.45,62.25,62.10,62.44,17983490,1122949302.25,29510,7917340,44.03,2017,9,-0.00,Slight
IDFC,EQ,2017-09-20,62.10,62.50,63.10,61.95,62.35,62.50,62.58,6750780,422451926.15,15348,2442127,36.18,2017,9,0.01,Slight
IDFC,EQ,2017-09-21,62.50,62.30,62.70,60.30,61.40,61.55,61.43,7698832,472907852.70,12111,1836932,23.86,2017,9,-0.02,Slight
IDFC,EQ,2017-09-22,61.55,61.50,62,59.35,59.95,60.05,60.43,6907634,417404084.85,16958,2072902,30.01,2017,9,-0.02,Slight
IDFC,EQ,2017-09-25,60.05,60.10,60.15,57.55,59.95,59.85,59.45,9257170,550319591.95,14670,3819034,41.25,2017,9,-0.00,Slight
IDFC,EQ,2017-09-26,59.85,59.90,60.60,58.50,60.35,60.25,59.94,5736841,343886397.55,13879,2312753,40.31,2017,9,0.01,Slight
IDFC,EQ,2017-09-27,60.25,60.90,61,57.75,58.85,58.35,59.31,17262323,1023831444.15,21561,8804458,51,2017,9,-0.03,Slight
IDFC,EQ,2017-09-28,58.35,58.30,60.50,58.10,59.15,59.30,59.35,23730378,1408396597.35,18851,16016588,67.49,2017,9,0.02,Slight
IDFC,EQ,2017-09-29,59.30,59.90,60.10,58.80,58.85,59,59.67,9884640,589843021.70,17944,5648008,57.14,2017,9,-0.01,Slight
IDFC,EQ,2017-10-03,59,59.50,60,58.45,59.05,59,59.13,4340199,256627273.20,10613,1699124,39.15,2017,10,0,Slight
IDFC,EQ,2017-10-04,59,59,59.50,58.50,59.35,59.25,59.12,8192343,484346798.50,15713,4241702,51.78,2017,10,0.00,Slight
IDFC,EQ,2017-10-05,59.25,59.40,59.65,58.60,59.30,59.10,59.07,10816292,638907426.80,11887,7210226,66.66,2017,10,-0.00,Slight
IDFC,EQ,2017-10-06,59.10,58.85,60.30,58.85,60,59.70,59.68,10481616,625566689.40,16358,6253046,59.66,2017,10,0.01,Slight
IDFC,EQ,2017-10-09,59.70,60,64.85,59.45,64.75,64.50,62.74,37661586,2362789483,47444,18686603,49.62,2017,10,0.08,Slight
IDFC,EQ,2017-10-10,64.50,65,65.30,63.50,64.20,64.10,64.19,15857342,1017867600.65,28918,5435994,34.28,2017,10,-0.01,Slight
IDFC,EQ,2017-10-11,64.10,64.30,66.10,63.30,63.65,63.90,64.83,19575273,1269003704.85,24993,5763315,29.44,2017,10,-0.00,Slight
IDFC,EQ,2017-10-12,63.90,64.10,67.55,63.55,67,66.55,65.27,22572480,1473390293.55,29528,11564854,51.23,2017,10,0.04,Slight
IDFC,EQ,2017-10-13,66.55,66.95,68,65.90,66.15,66.20,66.76,15469578,1032789151.85,31049,5638009,36.45,2017,10,-0.01,Slight
IDFC,EQ,2017-10-16,66.20,66.50,67.10,65.10,65.30,65.45,65.86,20176982,1328762504.80,46150,12988427,64.37,2017,10,-0.01,Slight
IDFC,EQ,2017-10-17,65.45,65.50,65.65,64.65,64.80,64.95,65.11,12007705,781839152.60,25624,7778730,64.78,2017,10,-0.01,Slight
IDFC,EQ,2017-10-18,64.95,64.50,64.50,62.60,63.40,63.30,63.41,17735523,1124685037.10,36337,9070641,51.14,2017,10,-0.03,Slight
IDFC,EQ,2017-10-19,63.30,63.60,64.65,63,63.65,63.60,63.87,3738092,238746855.60,5967,1874809,50.15,2017,10,0.00,Slight
IDFC,EQ,2017-10-23,63.60,63.50,64.20,62.35,63.60,63.75,63.40,7426270,470801727.80,14175,3127409,42.11,2017,10,0.00,Slight
IDFC,EQ,2017-10-24,63.75,64,64.50,63.30,63.60,63.65,63.97,4382276,280344268.55,12597,1800056,41.08,2017,10,-0.00,Slight
IDFC,EQ,2017-10-25,63.65,64.60,64.95,62.95,63.25,63.40,63.54,7552279,479871759.70,15531,2705625,35.83,2017,10,-0.00,Slight
IDFC,EQ,2017-10-26,63.40,63,66.75,62.45,65.35,66.30,65.95,53495897,3528066384.55,52448,28789330,53.82,2017,10,0.05,Slight
IDFC,EQ,2017-10-27,66.30,65.70,67,62.90,63.55,63.20,64.69,12693186,821099688,28289,5453025,42.96,2017,10,-0.05,Slight
IDFC,EQ,2017-10-30,63.20,63.95,64.60,60.10,61.60,61.80,62.41,13756095,858454356.50,31069,5131888,37.31,2017,10,-0.02,Slight
IDFC,EQ,2017-10-31,61.80,60.25,64.10,59.75,63,62.95,62.59,18608862,1164676237.70,38166,4705995,25.29,2017,10,0.02,Slight
IDFC,EQ,2017-11-01,62.95,63.20,65.45,62.10,64.40,64.65,64.10,14100202,903890162.05,25577,2857919,20.27,2017,11,0.03,Slight
IDFC,EQ,2017-11-02,64.65,65.10,65.70,63.15,63.80,63.80,64.31,11794264,758480553.80,29058,4108207,34.83,2017,11,-0.01,Slight
IDFC,EQ,2017-11-03,63.80,63.80,64.75,62.90,62.90,63.05,63.68,4826507,307329223.45,12773,1567666,32.48,2017,11,-0.01,Slight
IDFC,EQ,2017-11-06,63.05,62.80,63.50,62.10,62.20,62.30,62.75,3692740,231701101.15,13225,1179019,31.93,2017,11,-0.01,Slight
IDFC,EQ,2017-11-07,62.30,62.40,62.80,60.35,60.70,60.75,61.15,4942795,302230222.60,12098,1290099,26.10,2017,11,-0.02,Slight
IDFC,EQ,2017-11-08,60.75,60.60,61.50,59.05,59.50,59.35,60.22,5834957,351359231,12756,2049665,35.13,2017,11,-0.02,Slight
IDFC,EQ,2017-11-09,59.35,60,60.85,59.25,60.60,60.60,60.10,8688333,522186927.85,14155,3881375,44.67,2017,11,0.02,Slight
IDFC,EQ,2017-11-10,60.60,60,63.25,59.75,62.90,62.45,61.50,5561367,342010599.60,9621,1860211,33.45,2017,11,0.03,Slight
IDFC,EQ,2017-11-13,62.45,62.90,63.70,61.75,62.90,62.60,62.96,8865331,558178365,17269,4029877,45.46,2017,11,0.00,Slight
IDFC,EQ,2017-11-14,62.60,63.40,63.65,61.05,61.45,61.55,61.94,8115674,502676946.25,23892,2933898,36.15,2017,11,-0.02,Slight
IDFC,EQ,2017-11-15,61.55,61.05,61.75,59.55,60.30,60.30,60.78,5006778,304298608.40,17150,2170829,43.36,2017,11,-0.02,Slight
IDFC,EQ,2017-11-16,60.30,61,61,59.95,60.60,60.70,60.48,3407759,206085575.90,10554,1321648,38.78,2017,11,0.01,Slight
IDFC,EQ,2017-11-17,60.70,61.45,61.95,60.70,60.75,61.10,61.46,3599172,221204729.50,10962,1515678,42.11,2017,11,0.01,Slight
IDFC,EQ,2017-11-20,61.10,61.10,62.15,60.60,61.40,61.70,61.37,7776214,477192669.15,13474,4302790,55.33,2017,11,0.01,Slight
IDFC,EQ,2017-11-21,61.70,61.75,61.85,60.80,60.85,61.05,61.22,4871640,298254853.05,10293,2844434,58.39,2017,11,-0.01,Slight
IDFC,EQ,2017-11-22,61.05,61.30,61.35,60.10,60.50,60.65,60.63,5568592,337643223.55,11257,3330193,59.80,2017,11,-0.01,Slight
IDFC,EQ,2017-11-23,60.65,60.60,61.30,59.85,60.90,60.80,60.74,6642297,403445112.25,13773,3998382,60.20,2017,11,0.00,Slight
IDFC,EQ,2017-11-24,60.80,61.20,61.85,60.70,61.15,61,61.18,7371383,450990606.85,14473,4555960,61.81,2017,11,0.00,Slight
IDFC,EQ,2017-11-27,61,60.90,63.65,60.75,63.30,63.40,62.56,10010862,626319308.55,21998,4068501,40.64,2017,11,0.04,Slight
IDFC,EQ,2017-11-28,63.40,63.40,63.85,62.10,62.45,62.55,62.78,5884394,369408818.55,14104,1782665,30.29,2017,11,-0.01,Slight
IDFC,EQ,2017-11-29,62.55,62.40,62.95,61.70,61.85,61.95,62.26,4497618,280030629.50,12947,1575889,35.04,2017,11,-0.01,Slight
IDFC,EQ,2017-11-30,61.95,61.80,62.85,61.45,62.20,62.35,62.27,23503521,1463588054.95,27341,16278147,69.26,2017,11,0.01,Slight
IDFC,EQ,2017-12-01,62.35,62.40,63.50,60.50,61,60.90,62.42,8470886,528779931.75,19754,3577799,42.24,2017,12,-0.02,Slight
IDFC,EQ,2017-12-04,60.90,61.20,61.40,59.40,59.85,59.65,60.20,3666345,220713482.25,7858,1353858,36.93,2017,12,-0.02,Slight
IDFC,EQ,2017-12-05,59.65,59.70,60.40,58.65,59.80,59.70,59.47,4347407,258527353.85,7578,1471856,33.86,2017,12,0.00,Slight
IDFC,EQ,2017-12-06,59.70,60,60.15,58.70,58.85,58.90,59.37,3812804,226381392.70,10690,1302436,34.16,2017,12,-0.01,Slight
IDFC,EQ,2017-12-07,58.90,59.20,59.95,58.95,59.30,59.35,59.33,2767621,164212481.35,5857,872366,31.52,2017,12,0.01,Slight
IDFC,EQ,2017-12-08,59.35,59.55,60.15,59.20,59.55,59.80,59.67,3386884,202110621.55,7631,1392115,41.10,2017,12,0.01,Slight
IDFC,EQ,2017-12-11,59.80,59.75,60.40,59.55,59.75,59.75,59.90,3128856,187427188,7946,898289,28.71,2017,12,-0.00,Slight
IDFC,EQ,2017-12-12,59.75,59.60,59.85,58.60,58.75,58.75,59.17,1571864,93008848.50,7929,594784,37.84,2017,12,-0.02,Slight
IDFC,EQ,2017-12-13,58.75,58.75,59,57.50,57.80,57.80,58.47,2475692,144759958.55,7150,898663,36.30,2017,12,-0.02,Slight
IDFC,EQ,2017-12-14,57.80,58.10,58.15,56.70,57.25,57.30,57.31,3651336,209252030.20,7482,1085748,29.74,2017,12,-0.01,Slight
IDFC,EQ,2017-12-15,57.30,58.50,58.70,57.50,57.70,57.95,58.07,4948562,287356487.95,9765,2484738,50.21,2017,12,0.01,Slight
IDFC,EQ,2017-12-18,57.95,57.95,59.15,56.15,58.40,58.30,58.01,3816317,221402861.75,13993,1205227,31.58,2017,12,0.01,Slight
IDFC,EQ,2017-12-19,58.30,58.40,59.30,57.95,58.50,58.50,58.44,3401784,198794047.35,8002,1774463,52.16,2017,12,0.00,Slight
IDFC,EQ,2017-12-20,58.50,58.50,59,58.30,58.35,58.50,58.55,6143934,359714538.90,12093,4344724,70.72,2017,12,0,Slight
IDFC,EQ,2017-12-21,58.50,58.45,60.50,58.40,60.10,60.15,59.51,17409092,1036096475.95,19850,9434592,54.19,2017,12,0.03,Slight
IDFC,EQ,2017-12-22,60.15,60.35,61.65,59.80,60.85,60.95,60.95,12314687,750548895.95,23147,4909357,39.87,2017,12,0.01,Slight
IDFC,EQ,2017-12-26,60.95,60.90,61.45,60.25,60.45,60.45,60.67,4220291,256062510.85,13390,2169269,51.40,2017,12,-0.01,Slight
IDFC,EQ,2017-12-27,60.45,60.55,62.60,60.20,61.55,61.85,61.60,16285136,1003114466.10,32521,9130725,56.07,2017,12,0.02,Slight
IDFC,EQ,2017-12-28,61.85,61.80,63.65,61.30,62.65,62.80,62.68,11575562,725589761.60,22166,6319785,54.60,2017,12,0.02,Slight
IDFC,EQ,2017-12-29,62.80,63.10,64.40,61.90,62.90,62.90,63.09,8342027,526282342.40,18513,3041356,36.46,2017,12,0.00,Slight
IDFC,EQ,2018-01-01,62.90,62.90,64.60,62.50,63.20,63,63.70,4893132,311707985.10,8784,1758849,35.95,2018,1,0.00,Slight
IDFC,EQ,2018-01-02,63,63.30,63.45,61.05,61.50,61.60,61.86,3672525,227182059.45,8419,1283848,34.96,2018,1,-0.02,Slight
IDFC,EQ,2018-01-03,61.60,61.65,62.25,61.45,61.85,61.70,61.92,3375751,209034856.10,7429,1545017,45.77,2018,1,0.00,Slight
IDFC,EQ,2018-01-04,61.70,62.15,62.30,61.55,61.75,61.70,61.87,2888757,178739604.30,7291,1297451,44.91,2018,1,0,Slight
IDFC,EQ,2018-01-05,61.70,61.75,64.90,61.65,64,64.45,63.60,10466801,665653092.55,23225,4127984,39.44,2018,1,0.04,Slight
IDFC,EQ,2018-01-08,64.45,64.60,67.40,64.50,66.50,66.65,66.21,18626347,1233175717.05,41336,4983318,26.75,2018,1,0.03,Slight
IDFC,EQ,2018-01-09,66.65,67.05,67.20,64.90,65.10,65.20,66.10,10565784,698347796.60,23376,3487466,33.01,2018,1,-0.02,Slight
IDFC,EQ,2018-01-10,65.20,65.50,65.50,62.90,63.90,63.95,63.96,7687631,491687136.90,15212,2111196,27.46,2018,1,-0.02,Slight
IDFC,EQ,2018-01-11,63.95,63.75,66.20,63.25,65.70,65.55,65.14,27979336,1822673478.75,41300,12195971,43.59,2018,1,0.03,Slight
IDFC,EQ,2018-01-12,65.55,67.05,67.25,64.05,65.75,65.65,65.81,17597813,1158192615.90,32954,5162730,29.34,2018,1,0.00,Slight
IDFC,EQ,2018-01-15,65.65,67.55,67.80,63.60,63.85,63.95,65.53,25787744,1689933298.75,49749,7986913,30.97,2018,1,-0.03,Slight
IDFC,EQ,2018-01-16,63.95,63.95,64.15,59.60,60.10,59.90,60.94,15936686,971136475,32447,6321184,39.66,2018,1,-0.06,Slight
IDFC,EQ,2018-01-17,59.90,60,61.90,59.30,61.70,61.70,61.10,12312793,752260654.10,27099,4426813,35.95,2018,1,0.03,Slight
IDFC,EQ,2018-01-18,61.70,62.45,62.65,58.20,58.95,58.90,60.44,14254621,861514876.80,31843,5803237,40.71,2018,1,-0.05,Slight
IDFC,EQ,2018-01-19,58.90,59,59.35,57.45,57.95,58,58.32,19144603,1116480385.05,24521,10478747,54.73,2018,1,-0.02,Slight
IDFC,EQ,2018-01-22,58,58,59,57.20,58.90,58.55,57.94,13107329,759453950.55,20863,7031811,53.65,2018,1,0.01,Slight
IDFC,EQ,2018-01-23,58.55,58.55,59.05,57.85,58.20,58.20,58.36,6966923,406599385.05,13432,3216832,46.17,2018,1,-0.01,Slight
IDFC,EQ,2018-01-24,58.20,58,58.50,57.20,58,58.05,57.92,5884072,340791562.55,13415,2542915,43.22,2018,1,-0.00,Slight
IDFC,EQ,2018-01-25,58.05,58.05,58.45,56.25,56.45,56.60,56.85,29061223,1651988380.80,20752,16939847,58.29,2018,1,-0.02,Slight
IDFC,EQ,2018-01-29,56.60,57,57.10,55.25,55.65,55.45,56.05,4809378,269552228,12007,1594944,33.16,2018,1,-0.02,Slight
IDFC,EQ,2018-01-30,55.45,55.50,57.30,55,56.80,56.80,56.49,9060431,511826717.15,15833,3980712,43.94,2018,1,0.02,Slight
IDFC,EQ,2018-01-31,56.80,56.95,57.20,55.70,56.20,56.35,56.24,6053179,340439932,9814,3287536,54.31,2018,1,-0.01,Slight
IDFC,EQ,2018-02-01,56.35,56.30,57.20,54.35,55.75,55.65,56.03,8902739,498785746.85,14251,2865189,32.18,2018,2,-0.01,Slight
IDFC,EQ,2018-02-02,55.65,55.10,55.15,52.05,52.10,52.45,53.38,8563202,457068322.45,16394,3365800,39.31,2018,2,-0.06,Slight
IDFC,EQ,2018-02-05,52.45,51,53.95,50.55,53.55,53.25,52.62,8944598,470681960.85,17393,4084979,45.67,2018,2,0.02,Slight
IDFC,EQ,2018-02-06,53.25,50,52.20,49.30,51.75,51.70,50.93,16575076,844204344.45,23883,8881278,53.58,2018,2,-0.03,Slight
IDFC,EQ,2018-02-07,51.70,52.80,53,51.95,52.30,52.20,52.53,5199185,273109677.70,8918,2373706,45.66,2018,2,0.01,Slight
IDFC,EQ,2018-02-08,52.20,52.20,54,52.20,53.85,53.80,53.21,5212917,277370088.05,8350,2062410,39.56,2018,2,0.03,Slight
IDFC,EQ,2018-02-09,53.80,52.50,53.70,52.10,53.45,53.25,53.06,3014128,159944423.05,6866,977107,32.42,2018,2,-0.01,Slight
IDFC,EQ,2018-02-12,53.25,53.95,54.40,53.20,53.70,53.75,53.73,4772526,256426298.05,8317,2035732,42.66,2018,2,0.01,Slight
IDFC,EQ,2018-02-14,53.75,53.85,54.25,53.10,53.10,53.30,53.76,2503642,134587990.35,5986,975603,38.97,2018,2,-0.01,Slight
IDFC,EQ,2018-02-15,53.30,53.30,53.35,51.80,51.85,52,52.50,3626053,190358870,7053,1272071,35.08,2018,2,-0.02,Slight
IDFC,EQ,2018-02-16,52,52.20,52.60,51.35,51.80,51.75,51.75,2385375,123450349.55,4789,751069,31.49,2018,2,-0.00,Slight
IDFC,EQ,2018-02-19,51.75,52,52.70,51.30,52.40,52.45,52.20,5454967,284728831.45,10889,2065437,37.86,2018,2,0.01,Slight
IDFC,EQ,2018-02-20,52.45,52.55,53.35,51.90,52.75,52.50,52.51,3760834,197487215.95,7272,1215764,32.33,2018,2,0.00,Slight
IDFC,EQ,2018-02-21,52.50,52.85,52.85,52.10,52.30,52.50,52.39,2396417,125559905.85,4287,1106784,46.18,2018,2,0,Slight
IDFC,EQ,2018-02-22,52.50,52.20,52.75,51.35,51.80,51.60,51.74,9455616,489272473.70,19118,6777653,71.68,2018,2,-0.02,Slight
IDFC,EQ,2018-02-23,51.60,51.75,53.30,51.75,53.25,53,52.65,2745351,144547933.10,7686,1128084,41.09,2018,2,0.03,Slight
IDFC,EQ,2018-02-26,53,53.40,53.95,52.85,53.45,53.40,53.40,4312482,230301077.20,10104,1631600,37.83,2018,2,0.01,Slight
IDFC,EQ,2018-02-27,53.40,53.65,53.65,52.25,52.35,52.45,52.75,2203949,116261224.20,6722,887245,40.26,2018,2,-0.02,Slight
IDFC,EQ,2018-02-28,52.45,52.30,53,51.75,53,52.95,52.55,3010224,158178656.45,10942,1520032,50.50,2018,2,0.01,Slight
IDFC,EQ,2018-03-01,52.95,52.40,53.40,52.40,52.40,52.60,52.80,2756352,145535033.45,14027,1161910,42.15,2018,3,-0.01,Slight
IDFC,EQ,2018-03-05,52.60,52.40,52.55,50.65,51.10,51.25,51.45,3554389,182878240.55,9937,1864308,52.45,2018,3,-0.03,Slight
IDFC,EQ,2018-03-06,51.25,51.55,51.90,49.65,49.90,50.10,50.97,1876131,95627046,9399,724001,38.59,2018,3,-0.02,Slight
IDFC,EQ,2018-03-07,50.10,50,50.15,48.40,48.50,48.75,49.10,8142598,399830455.50,17036,4703145,57.76,2018,3,-0.03,Slight
IDFC,EQ,2018-03-08,48.75,49.15,49.30,48.30,48.50,48.75,48.91,8399486,410826242.30,14326,5352722,63.73,2018,3,0,Slight
IDFC,EQ,2018-03-09,48.75,48.95,49.65,48.65,49,49.05,49.13,6917381,339836162.05,23279,4004814,57.89,2018,3,0.01,Slight
IDFC,EQ,2018-03-12,49.05,49.65,50.35,49.15,50.30,50.15,49.72,4213818,209523080.90,14714,2323002,55.13,2018,3,0.02,Slight
IDFC,EQ,2018-03-13,50.15,50.10,51.70,49.90,51.45,51.30,51.03,6765039,345205084.60,14501,3992090,59.01,2018,3,0.02,Slight
IDFC,EQ,2018-03-14,51.30,51,51.65,50.50,51.30,51.15,51.16,4679366,239393265.35,17022,2551122,54.52,2018,3,-0.00,Slight
IDFC,EQ,2018-03-15,51.15,51.20,51.70,51,51.35,51.25,51.26,3283026,168295880.05,14007,1911338,58.22,2018,3,0.00,Slight
IDFC,EQ,2018-03-16,51.25,51.25,52.35,50.85,51.05,51.15,51.55,5568590,287076890.25,15258,2649770,47.58,2018,3,-0.00,Slight
IDFC,EQ,2018-03-19,51.15,51,51.35,49.50,49.75,49.75,50.27,5470939,275051257.30,11861,2883494,52.71,2018,3,-0.03,Slight
IDFC,EQ,2018-03-20,49.75,49.50,50.40,49.25,50.10,49.95,49.98,3077673,153829457.75,8248,1466221,47.64,2018,3,0.00,Slight
IDFC,EQ,2018-03-21,49.95,50.55,50.60,49.50,49.65,49.90,50.16,5313515,266501722.95,23934,2916580,54.89,2018,3,-0.00,Slight
IDFC,EQ,2018-03-22,49.90,50.30,52.70,50,51,51,51.41,16613488,854169157.10,36091,6675900,40.18,2018,3,0.02,Slight
IDFC,EQ,2018-03-23,51,50,50.95,48.90,49.25,49.30,50.06,8568135,428892514.35,9981,3865269,45.11,2018,3,-0.03,Slight
IDFC,EQ,2018-03-26,49.30,49.35,49.40,48.40,49.10,49.05,48.85,7550976,368862215.05,7746,4460772,59.08,2018,3,-0.01,Slight
IDFC,EQ,2018-03-27,49.05,49.45,50.65,49,49.65,49.65,49.51,4656238,230530009.05,8185,2270358,48.76,2018,3,0.01,Slight
IDFC,EQ,2018-03-28,49.65,49.35,50.05,48.30,48.75,48.75,48.97,15912485,779261350.90,13402,11273823,70.85,2018,3,-0.02,Slight
IDFC,EQ,2018-04-02,48.75,49.05,50.40,48.85,50.10,50.20,49.74,2605023,129573801.30,5981,808313,31.03,2018,4,0.03,Slight
IDFC,EQ,2018-04-03,50.20,49.90,52,49.65,51.80,51.85,51.12,4705178,240508677.90,11964,1609318,34.20,2018,4,0.03,Slight
IDFC,EQ,2018-04-04,51.85,52,52.45,50.50,50.70,50.75,51.52,3617688,186396297.95,7619,1271159,35.14,2018,4,-0.02,Slight
IDFC,EQ,2018-04-05,50.75,51.60,52.75,51.20,52.50,52.40,52.17,2806868,146446423.50,6566,843543,30.05,2018,4,0.03,Slight
IDFC,EQ,2018-04-06,52.40,52.45,52.90,51.95,52.70,52.70,52.53,2284274,119993479.40,5097,607231,26.58,2018,4,0.01,Slight
IDFC,EQ,2018-04-09,52.70,53.20,53.45,52.50,52.55,52.75,52.91,3996147,211431407.85,7336,1919156,48.03,2018,4,0.00,Slight
IDFC,EQ,2018-04-10,52.75,53,53,51.95,52.50,52.55,52.53,1620798,85144759.45,5234,451356,27.85,2018,4,-0.00,Slight
IDFC,EQ,2018-04-11,52.55,52.60,52.90,51.60,52.55,52.75,52.43,3494167,183189516.65,7314,507975,14.54,2018,4,0.00,Slight
IDFC,EQ,2018-04-12,52.75,52.75,52.75,52.05,52.50,52.45,52.28,2202464,115136329.45,5613,1239843,56.29,2018,4,-0.01,Slight
IDFC,EQ,2018-04-13,52.45,52.50,53,52.10,52.25,52.40,52.47,2070519,108648559.10,4675,875537,42.29,2018,4,-0.00,Slight
IDFC,EQ,2018-04-16,52.40,52.10,52.75,52.05,52.45,52.50,52.40,1272932,66706177.35,4620,461167,36.23,2018,4,0.00,Slight
IDFC,EQ,2018-04-17,52.50,52.50,52.80,52.25,52.45,52.45,52.49,1122396,58914386.35,4142,281394,25.07,2018,4,-0.00,Slight
IDFC,EQ,2018-04-18,52.45,52.75,54.10,52.60,53.25,53.20,53.51,5397119,288813400.75,15896,1670218,30.95,2018,4,0.01,Slight
IDFC,EQ,2018-04-19,53.20,53.10,54,52.75,53.60,53.75,53.61,2522463,135236752.65,6911,1089008,43.17,2018,4,0.01,Slight
IDFC,EQ,2018-04-20,53.75,53.45,54.20,52.95,53.90,53.90,53.71,3391940,182168407.10,8601,1549222,45.67,2018,4,0.00,Slight
IDFC,EQ,2018-04-23,53.90,53.95,54.35,53.35,53.60,53.50,53.90,2673201,144088970,6448,1008483,37.73,2018,4,-0.01,Slight
IDFC,EQ,2018-04-24,53.50,53.65,53.70,52.95,53.20,53.10,53.21,1348020,71727032.70,6239,561155,41.63,2018,4,-0.01,Slight
IDFC,EQ,2018-04-25,53.10,52.90,53.35,52.30,52.30,52.45,52.78,2852170,150536837.30,10410,1337784,46.90,2018,4,-0.01,Slight
IDFC,EQ,2018-04-26,52.45,53.70,56.35,53.25,55.50,55.40,55.47,22975625,1274454877.25,48707,5254750,22.87,2018,4,0.06,Slight
IDFC,EQ,2018-04-27,55.40,55.95,57.30,55.20,57,57,56.59,10854215,614202833.30,29414,3569416,32.89,2018,4,0.03,Slight
IDFC,EQ,2018-04-30,57,56.80,60.50,55.75,58.35,58.70,58.88,21816336,1284554268.70,41759,8864063,40.63,2018,4,0.03,Slight
IDFC,EQ,2018-05-02,58.70,58.60,59.20,57.15,57.70,57.45,58.03,3238360,187907200.90,14036,1052461,32.50,2018,5,-0.02,Slight
IDFC,EQ,2018-05-03,57.45,57.60,57.65,55.50,56.70,56.75,56.46,4327977,244345155.95,34279,1850641,42.76,2018,5,-0.01,Slight
IDFC,EQ,2018-05-04,56.75,56.25,57,55.90,56.70,56.50,56.46,2445391,138054912.70,7076,892594,36.50,2018,5,-0.00,Slight
IDFC,EQ,2018-05-07,56.50,56.50,57.10,55.60,55.90,55.95,56.36,2756903,155391546.95,6116,1524379,55.29,2018,5,-0.01,Slight
IDFC,EQ,2018-05-08,55.95,55.90,57.10,55.80,56.20,56.20,56.42,3706880,209152896.70,26925,1547775,41.75,2018,5,0.00,Slight
IDFC,EQ,2018-05-09,56.20,56.25,56.50,54.60,54.80,55.05,55.38,3912623,216670894.35,16103,1740419,44.48,2018,5,-0.02,Slight
IDFC,EQ,2018-05-10,55.05,55.10,55.20,53.30,53.50,53.55,54.11,3932508,212778608.70,7956,1834574,46.65,2018,5,-0.03,Slight
IDFC,EQ,2018-05-11,53.55,53.80,55.35,53.60,54.75,54.70,54.76,4096305,224294736.30,11093,1655943,40.43,2018,5,0.02,Slight
IDFC,EQ,2018-05-14,54.70,54.70,55.10,53.25,53.75,53.70,54.03,3447136,186248533.15,7219,1301055,37.74,2018,5,-0.02,Slight
IDFC,EQ,2018-05-15,53.70,53.85,55,51.20,52.70,52.80,53.15,3854278,204849285.45,9256,1506476,39.09,2018,5,-0.02,Slight
IDFC,EQ,2018-05-16,52.80,52.70,53.40,51.30,51.95,51.95,52.08,5637280,293598678.80,14767,2698624,47.87,2018,5,-0.02,Slight
IDFC,EQ,2018-05-17,51.95,52.15,52.60,50.20,51.70,51.75,50.94,8815572,449034026.80,11524,4197256,47.61,2018,5,-0.00,Slight
IDFC,EQ,2018-05-18,51.75,51.70,52.65,50.75,51.35,51.35,51.82,3750558,194364253.25,10285,1179026,31.44,2018,5,-0.01,Slight
IDFC,EQ,2018-05-21,51.35,51.35,51.80,49.55,49.75,49.80,50.21,4782772,240158877.55,11912,2492115,52.11,2018,5,-0.03,Slight
IDFC,EQ,2018-05-22,49.80,50,51.20,49.45,51.15,51,50.65,2712981,137404008.35,5895,1477646,54.47,2018,5,0.02,Slight
IDFC,EQ,2018-05-23,51,51,51.20,49.80,50,50,50.32,2171386,109254816.75,4172,1031100,47.49,2018,5,-0.02,Slight
IDFC,EQ,2018-05-24,50,50.40,50.45,49,49.55,49.60,49.63,2769415,137435722.20,7349,1461972,52.79,2018,5,-0.01,Slight
IDFC,EQ,2018-05-25,49.60,49.75,51.40,49.50,51.40,51.20,50.77,1740317,88356093.85,4911,699242,40.18,2018,5,0.03,Slight
IDFC,EQ,2018-05-28,51.20,51.60,52.70,51.25,52.70,52.40,52.18,2208871,115268498.30,4901,516766,23.40,2018,5,0.02,Slight
IDFC,EQ,2018-05-29,52.40,52.70,52.80,51.40,51.55,51.65,52.16,1421430,74145872.50,5641,488380,34.36,2018,5,-0.01,Slight
IDFC,EQ,2018-05-30,51.65,51.25,52,50.60,51,51.10,51.23,2067430,105908232.90,8056,446627,21.60,2018,5,-0.01,Slight
IDFC,EQ,2018-05-31,51.10,51,51.40,49.80,50.80,50.65,50.67,8949967,453539434.40,12764,5043989,56.36,2018,5,-0.01,Slight
IDFC,EQ,2018-06-01,50.65,50.85,51.60,49.25,49.50,49.35,50.15,3528318,176940403.10,10207,1067876,30.27,2018,6,-0.03,Slight
IDFC,EQ,2018-06-04,49.35,49.75,49.75,47.70,47.85,47.85,48.47,3551731,172153320.60,8658,1354401,38.13,2018,6,-0.03,Slight
IDFC,EQ,2018-06-05,47.85,48,48.10,45.70,46.50,46.25,46.66,7919888,369506821,17143,3107774,39.24,2018,6,-0.03,Slight
IDFC,EQ,2018-06-06,46.25,46.80,48.75,46.75,48.35,48.30,47.94,6244843,299405497.30,18895,1199631,19.21,2018,6,0.04,Slight
IDFC,EQ,2018-06-07,48.30,48.75,49.75,48.25,49.45,49.50,49.25,3254843,160304237.40,9925,836670,25.71,2018,6,0.02,Slight
IDFC,EQ,2018-06-08,49.50,49.30,50.15,48.90,50.05,50,49.60,2648835,131371541,10430,1002932,37.86,2018,6,0.01,Slight
IDFC,EQ,2018-06-11,50,50.10,51.40,49.70,50.70,50.65,50.75,3600383,182716969.05,10388,1785781,49.60,2018,6,0.01,Slight
IDFC,EQ,2018-06-12,50.65,50.70,51.15,50.05,50.80,50.75,50.65,1979640,100262635.50,8111,795723,40.20,2018,6,0.00,Slight
IDFC,EQ,2018-06-13,50.75,50.65,51.40,50.45,50.55,50.65,50.95,1596708,81347698,4908,612816,38.38,2018,6,-0.00,Slight
IDFC,EQ,2018-06-14,50.65,50.55,51,49.95,50.75,50.80,50.57,1267083,64071324.65,5483,455630,35.96,2018,6,0.00,Slight
IDFC,EQ,2018-06-15,50.80,51,51,49.65,49.80,50.10,50.22,4027258,202242635.65,16295,2600798,64.58,2018,6,-0.01,Slight
IDFC,EQ,2018-06-18,50.10,50,50,49.25,49.60,49.55,49.59,1717764,85180476.45,5275,779131,45.36,2018,6,-0.01,Slight
IDFC,EQ,2018-06-19,49.55,49,50,48.10,48.95,48.60,48.62,3298088,160343236.95,12042,1801917,54.64,2018,6,-0.02,Slight
IDFC,EQ,2018-06-20,48.60,48.70,49.25,48.10,49,49.05,48.72,1348461,65690918.65,3919,399564,29.63,2018,6,0.01,Slight
IDFC,EQ,2018-06-21,49.05,49.10,49.45,48.35,49,48.95,48.97,2544969,124626410.55,5451,887349,34.87,2018,6,-0.00,Slight
IDFC,EQ,2018-06-22,48.95,49.10,49.25,48.15,48.35,48.40,48.59,1537084,74693208.20,3599,440202,28.64,2018,6,-0.01,Slight
IDFC,EQ,2018-06-25,48.40,48.30,48.90,48.10,48.15,48.30,48.56,3264446,158509018.40,5196,1587562,48.63,2018,6,-0.00,Slight
IDFC,EQ,2018-06-26,48.30,48.20,48.95,47.40,47.85,47.95,48.27,4520103,218164835.70,7444,2170732,48.02,2018,6,-0.01,Slight
IDFC,EQ,2018-06-27,47.95,47.95,47.95,45.55,45.60,45.95,46.21,9976821,461070129.65,22899,6039851,60.54,2018,6,-0.04,Slight
IDFC,EQ,2018-06-28,45.95,45.90,47.55,45.15,46.30,46.50,46.52,54313430,2526799307.25,28658,32910659,60.59,2018,6,0.01,Slight
IDFC,EQ,2018-06-29,46.50,46.50,46.85,44.25,46.15,46.20,45.62,7770039,354472728.75,11266,2838082,36.53,2018,6,-0.01,Slight
IDFC,EQ,2018-07-02,46.20,46.25,46.85,45.25,45.65,45.80,45.99,11185403,514377906.05,8582,7083069,63.32,2018,7,-0.01,Slight
IDFC,EQ,2018-07-03,45.80,45.70,46.60,45.35,46.60,46.40,46.09,2122740,97847361.10,3520,709971,33.45,2018,7,0.01,Slight
IDFC,EQ,2018-07-04,46.40,46.30,46.45,45.45,45.55,45.60,45.93,3798972,174500253.50,7296,2160500,56.87,2018,7,-0.02,Slight
IDFC,EQ,2018-07-05,45.60,45.85,45.90,43.85,44.35,44.15,44.43,5669048,251879736,10259,2781570,49.07,2018,7,-0.03,Slight
IDFC,EQ,2018-07-06,44.15,44.05,45.15,44,44.70,44.70,44.47,2346497,104357909.95,4636,845158,36.02,2018,7,0.01,Slight
IDFC,EQ,2018-07-09,44.70,45.45,45.90,45,45.90,45.70,45.50,1524873,69374325.10,3301,402882,26.42,2018,7,0.02,Slight
IDFC,EQ,2018-07-10,45.70,46.20,47.20,45.80,46.60,46.60,46.55,2129913,99153843.25,4476,557095,26.16,2018,7,0.02,Slight
IDFC,EQ,2018-07-11,46.60,46.70,47,45.45,45.60,45.65,45.96,2077298,95462734.05,5956,739767,35.61,2018,7,-0.02,Slight
IDFC,EQ,2018-07-12,45.65,45.85,46.35,44.95,45.95,46,45.80,1459049,66827419.05,4129,263047,18.03,2018,7,0.01,Slight
IDFC,EQ,2018-07-13,46,46.90,46.90,44.80,45,45.05,45.61,4653974,212246539.95,12293,1055473,22.68,2018,7,-0.02,Slight
IDFC,EQ,2018-07-16,45.05,45.10,45.20,43,43.40,43.10,43.51,3408202,148294199.10,8652,1558003,45.71,2018,7,-0.04,Slight
IDFC,EQ,2018-07-17,43.10,43.15,45.80,43.15,45.65,45.60,44.87,3961402,177756377.55,11747,1141421,28.81,2018,7,0.06,Slight
IDFC,EQ,2018-07-18,45.60,45.95,45.95,43.90,44.30,44.35,44.72,2825851,126360733.80,4571,1042108,36.88,2018,7,-0.03,Slight
IDFC,EQ,2018-07-19,44.35,44.50,45.65,43.55,44.90,44.75,44.75,4095017,183267128.65,6264,989294,24.16,2018,7,0.01,Slight
IDFC,EQ,2018-07-20,44.75,44.90,45.10,44.05,44.25,44.20,44.31,2121882,94010924.65,4774,677595,31.93,2018,7,-0.01,Slight
IDFC,EQ,2018-07-23,44.20,43.80,44.25,42.90,43.95,43.95,43.74,2820649,123377843.50,5283,1041566,36.93,2018,7,-0.01,Slight
IDFC,EQ,2018-07-24,43.95,44,46.70,43.90,45.95,45.50,45.41,5357355,243302614.75,13212,1474513,27.52,2018,7,0.04,Slight
IDFC,EQ,2018-07-25,45.50,45.60,46,44.85,45.35,45.35,45.48,2153853,97947740.85,4972,432959,20.10,2018,7,-0.00,Slight
IDFC,EQ,2018-07-26,45.35,45.55,46,44.90,45.75,45.30,45.37,11424935,518326491.10,7935,7473070,65.41,2018,7,-0.00,Slight
IDFC,EQ,2018-07-27,45.30,45.50,48.65,45.50,47.65,47.80,47.69,6855422,326956962.50,17612,1257936,18.35,2018,7,0.06,Slight
IDFC,EQ,2018-07-30,47.80,47.80,49.40,47.80,48.40,48.45,48.76,5965347,290882122.50,37191,1702894,28.55,2018,7,0.01,Slight
IDFC,EQ,2018-07-31,48.45,48,48.70,46.25,46.65,46.75,47.07,7198636,338861192.95,16871,2345634,32.58,2018,7,-0.04,Slight
IDFC,EQ,2018-08-01,46.75,47,47.15,45.85,46.20,46.40,46.40,2030046,94201264.95,7260,648170,31.93,2018,8,-0.01,Slight
IDFC,EQ,2018-08-02,46.40,46.35,47.50,45.25,46.85,46.80,46.47,2398500,111470127.15,7769,597840,24.93,2018,8,0.01,Slight
IDFC,EQ,2018-08-03,46.80,47.60,47.60,46.75,47.05,46.95,47.05,2558317,120367065.40,6469,1117959,43.70,2018,8,0.00,Slight
IDFC,EQ,2018-08-06,46.95,48,51.40,48,49.80,50.10,50.32,18121383,911944118.05,44463,3278800,18.09,2018,8,0.07,Slight
IDFC,EQ,2018-08-07,50.10,49.80,50.25,48.85,49,49.05,49.34,4356494,214952996.30,15863,1381541,31.71,2018,8,-0.02,Slight
IDFC,EQ,2018-08-08,49.05,49.40,49.65,48.45,48.80,48.85,49.13,4808830,236268762.95,10680,1863304,38.75,2018,8,-0.00,Slight
IDFC,EQ,2018-08-09,48.85,49.25,50,48.65,49.35,49.40,49.26,3092224,152325925.75,10435,806788,26.09,2018,8,0.01,Slight
IDFC,EQ,2018-08-10,49.40,50.25,51.15,49.15,49.70,49.90,50.32,6578865,331076973.40,18153,1538783,23.39,2018,8,0.01,Slight
IDFC,EQ,2018-08-13,49.90,49.40,50.10,48.55,49.55,49.40,49.30,3063507,151033224.55,5850,503005,16.42,2018,8,-0.01,Slight
IDFC,EQ,2018-08-14,49.40,49.80,50.45,48.50,50.10,49.90,49.46,2178472,107749631.95,5734,518770,23.81,2018,8,0.01,Slight
IDFC,EQ,2018-08-16,49.90,49.95,50.50,49.55,49.90,49.90,50.06,2836010,141968780.05,8275,644323,22.72,2018,8,0,Slight
IDFC,EQ,2018-08-17,49.90,50.50,52.45,49.30,52.20,52.10,51.62,6004050,309958847.35,18116,1555626,25.91,2018,8,0.04,Slight
IDFC,EQ,2018-08-20,52.10,52.55,53.05,52.10,52.45,52.50,52.51,4004116,210236988.50,9843,1251245,31.25,2018,8,0.01,Slight
IDFC,EQ,2018-08-21,52.50,52.45,53.25,51.60,52.60,52.80,52.48,4187561,219758793.75,14097,1162413,27.76,2018,8,0.01,Slight
IDFC,EQ,2018-08-23,52.80,52.80,53,51.30,51.75,51.75,51.97,2570326,133591303.55,8783,618211,24.05,2018,8,-0.02,Slight
IDFC,EQ,2018-08-24,51.75,51.70,51.85,50.85,51.25,51.45,51.32,3280051,168321816.50,7880,1149695,35.05,2018,8,-0.01,Slight
IDFC,EQ,2018-08-27,51.45,51.60,51.80,50.70,51.20,51.25,51.22,5102554,261360955.65,11362,2275257,44.59,2018,8,-0.00,Slight
IDFC,EQ,2018-08-28,51.25,51,51.90,50.50,51.20,51.25,51.35,2837395,145698564.30,7158,793925,27.98,2018,8,0,Slight
IDFC,EQ,2018-08-29,51.25,51.25,53.15,51.20,52.75,52.75,52.51,4241179,222706854.80,13693,1617992,38.15,2018,8,0.03,Slight
IDFC,EQ,2018-08-30,52.75,52.55,53.55,52.20,53.20,52.85,52.90,10481423,554432858.40,17718,6243771,59.57,2018,8,0.00,Slight
IDFC,EQ,2018-08-31,52.85,52.95,53.35,51.65,52.70,52.65,52.55,2803934,147358900.85,10166,832448,29.69,2018,8,-0.00,Slight
IDFC,EQ,2018-09-03,52.65,52.65,53.30,52,52.30,52.20,52.73,1943501,102482803.80,5841,560790,28.85,2018,9,-0.01,Slight
IDFC,EQ,2018-09-04,52.20,52.20,52.35,49.75,49.95,50,50.59,4125682,208714509.30,11837,1592065,38.59,2018,9,-0.04,Slight
IDFC,EQ,2018-09-05,50,49.55,50.50,48.85,49.90,49.90,49.65,2496920,123970706.30,9514,568345,22.76,2018,9,-0.00,Slight
IDFC,EQ,2018-09-06,49.90,50.05,50.30,49,49.75,49.95,49.69,2460060,122247687.85,7178,730302,29.69,2018,9,0.00,Slight
IDFC,EQ,2018-09-07,49.95,49.95,50.85,49.35,50.60,50.55,50.17,1850734,92842090.60,6558,545280,29.46,2018,9,0.01,Slight
IDFC,EQ,2018-09-10,50.55,50.55,50.85,49.55,49.95,49.90,50.05,2399604,120102067.80,7433,1130958,47.13,2018,9,-0.01,Slight
IDFC,EQ,2018-09-11,49.90,49.60,50.35,49,49.10,49.20,49.63,3005719,149175038.30,12839,1462186,48.65,2018,9,-0.01,Slight
IDFC,EQ,2018-09-12,49.20,49.40,50.05,48.55,49.60,49.65,49.46,4069834,201293651.70,18550,1662446,40.85,2018,9,0.01,Slight
IDFC,EQ,2018-09-14,49.65,50.45,51.35,49.90,51.05,50.90,50.24,5081577,255273638.10,7219,3558770,70.03,2018,9,0.03,Slight
IDFC,EQ,2018-09-17,50.90,50.80,50.90,49.80,49.95,49.95,50.14,3017175,151282285.95,5597,1472702,48.81,2018,9,-0.02,Slight
IDFC,EQ,2018-09-18,49.95,50.15,50.15,48.75,48.85,49.05,49.31,2618602,129119052.40,9239,1103673,42.15,2018,9,-0.02,Slight
IDFC,EQ,2018-09-19,49.05,49.30,49.40,47.60,47.90,48,48.20,3163265,152461669.95,7566,1282176,40.53,2018,9,-0.02,Slight
IDFC,EQ,2018-09-21,48,48.05,48.40,40.80,44.50,44.50,44.86,12738808,571496311.35,29354,5196322,40.79,2018,9,-0.07,Slight
IDFC,EQ,2018-09-24,44.50,44.50,44.90,42.70,43,43,43.40,5078440,220415289.90,12323,2203991,43.40,2018,9,-0.03,Slight
IDFC,EQ,2018-09-25,43,42.90,43.60,40.65,41.75,41.85,42.01,6064001,254778776.50,18013,1868357,30.81,2018,9,-0.03,Slight
IDFC,EQ,2018-09-26,41.85,42,42.80,41.20,42.30,42.40,42.26,2392382,101109234.45,8799,651859,27.25,2018,9,0.01,Slight
IDFC,EQ,2018-09-27,42.40,42.50,42.60,39.80,40.30,40.20,40.79,8895419,362862891.70,15100,2697245,30.32,2018,9,-0.05,Slight
IDFC,EQ,2018-09-28,40.20,40.50,41.40,39.10,39.60,39.75,40.06,6663168,266902097.90,13032,2289617,34.36,2018,9,-0.01,Slight
IDFC,EQ,2018-10-01,39.75,39.50,41.20,38.35,40.60,40.75,39.82,4180343,166459457.50,8144,1006353,24.07,2018,10,0.03,Slight
IDFC,EQ,2018-10-03,40.75,40.75,42.25,40.15,40.65,40.65,41.10,4684249,192505064.15,8038,1871660,39.96,2018,10,-0.00,Slight
IDFC,EQ,2018-10-04,40.65,40,40.60,38.90,39.50,39.95,39.73,5523302,219462272.25,10881,2026951,36.70,2018,10,-0.02,Slight
IDFC,EQ,2018-10-05,39.95,39.70,40.30,37.80,37.85,38.45,39.26,3519610,138165775.25,7367,1402871,39.86,2018,10,-0.04,Slight
IDFC,EQ,2018-10-08,38.45,38.20,38.95,36.35,37.20,37.15,37.68,4759034,179301144.50,8665,1178322,24.76,2018,10,-0.03,Slight
IDFC,EQ,2018-10-09,37.15,37.30,37.70,35.55,36.90,36.70,36.70,5174363,189896989.95,11010,1294884,25.02,2018,10,-0.01,Slight
IDFC,EQ,2018-10-10,36.70,36.60,39.70,36.60,39.50,39.20,38.90,6253178,243257488.35,13768,3026720,48.40,2018,10,0.07,Slight
IDFC,EQ,2018-10-11,39.20,39,39,36.80,37.25,37.30,37.67,3828446,144210943.25,6524,702032,18.34,2018,10,-0.05,Slight
IDFC,EQ,2018-10-12,37.30,37.65,39,37.65,38.90,38.75,38.57,2127108,82050170.25,5504,564376,26.53,2018,10,0.04,Slight
IDFC,EQ,2018-10-15,38.75,39.90,39.90,38,39.20,38.80,38.61,3147904,121529514.95,18084,997995,31.70,2018,10,0.00,Slight
IDFC,EQ,2018-10-16,38.80,39,39.50,38.65,39.50,39.30,39.15,1622465,63526369.50,6583,474376,29.24,2018,10,0.01,Slight
IDFC,EQ,2018-10-17,39.30,40,40,37.10,37.45,37.65,38.40,3085392,118465297.60,5418,824914,26.74,2018,10,-0.04,Slight
IDFC,EQ,2018-10-19,37.65,37.10,37.85,36.60,37.25,37.20,37.21,2965719,110354761.40,7947,641156,21.62,2018,10,-0.01,Slight
IDFC,EQ,2018-10-22,37.20,37.45,37.80,36.20,36.85,36.95,37.03,3460668,128149601.05,5819,783465,22.64,2018,10,-0.01,Slight
IDFC,EQ,2018-10-23,36.95,36.70,37.40,35.35,35.95,35.95,36.17,3576666,129384680.25,6628,879675,24.59,2018,10,-0.03,Slight
IDFC,EQ,2018-10-24,35.95,36.25,36.75,35.75,36.35,36.20,36.23,3128717,113367808.55,6101,1163429,37.19,2018,10,0.01,Slight
IDFC,EQ,2018-10-25,36.20,35.50,36.45,35.10,35.30,35.30,35.68,2527707,90196734.80,6028,655029,25.91,2018,10,-0.02,Slight
IDFC,EQ,2018-10-26,35.30,35.30,35.60,34.25,35.30,35.35,35.05,2381818,83491087.40,6010,590116,24.78,2018,10,0.00,Slight
IDFC,EQ,2018-10-29,35.35,35.50,36.20,34.65,36.15,35.95,35.52,2983667,105987428,7022,1344251,45.05,2018,10,0.02,Slight
IDFC,EQ,2018-10-30,35.95,36,36.80,35.80,36.30,36.05,36.25,3537533,128222187.35,11249,1242966,35.14,2018,10,0.00,Slight
IDFC,EQ,2018-10-31,36.05,36,36.95,35,36.75,36.80,35.91,4420988,158778868.50,8586,574429,12.99,2018,10,0.02,Slight
IDFC,EQ,2018-11-01,36.80,36.95,37.05,36.25,36.85,36.75,36.62,2923844,107077823.65,9243,990408,33.87,2018,11,-0.00,Slight
IDFC,EQ,2018-11-02,36.75,37,38.55,36.95,38.25,38,37.85,3773002,142811008.75,8960,1140004,30.21,2018,11,0.03,Slight
IDFC,EQ,2018-11-05,38,38,38.40,37.60,38.20,38.20,38.04,6169932,234703374.20,5890,4614484,74.79,2018,11,0.01,Slight
IDFC,EQ,2018-11-06,38.20,38.30,38.50,37.25,37.55,37.65,37.86,1832119,69365551.75,3625,658728,35.95,2018,11,-0.01,Slight
IDFC,EQ,2018-11-07,37.65,38.25,38.25,37.45,37.80,37.75,37.73,482989,18225272.15,1772,242991,50.31,2018,11,0.00,Slight
IDFC,EQ,2018-11-09,37.75,37.70,39.40,37.35,38.95,39.15,38.57,2212706,85353853.55,7599,672222,30.38,2018,11,0.04,Slight
IDFC,EQ,2018-11-12,39.15,38.75,39,38.05,38.15,38.30,38.44,1296211,49824495.05,4509,390179,30.10,2018,11,-0.02,Slight
IDFC,EQ,2018-11-13,38.30,38.30,38.30,37.35,37.90,37.90,37.79,1124075,42474053.85,4080,380894,33.89,2018,11,-0.01,Slight
IDFC,EQ,2018-11-14,37.90,38.05,38.85,37.75,38.30,38.50,38.28,1611821,61707811.85,4259,595888,36.97,2018,11,0.02,Slight
IDFC,EQ,2018-11-15,38.50,38.30,39.15,37.55,38.80,38.90,38.43,1155662,44415818.55,4944,237360,20.54,2018,11,0.01,Slight
IDFC,EQ,2018-11-16,38.90,39,39.50,38.50,39,39.15,39.14,1836070,71856026.30,5485,574764,31.30,2018,11,0.01,Slight
IDFC,EQ,2018-11-19,39.15,39.10,39.70,38.55,39.20,39.15,39.26,1553892,61011941.15,4345,532741,34.28,2018,11,0,Slight
IDFC,EQ,2018-11-20,39.15,39,39.10,38.10,38.20,38.20,38.59,1033185,39872168.40,2972,321192,31.09,2018,11,-0.02,Slight
IDFC,EQ,2018-11-21,38.20,38.65,39,38,38.85,38.80,38.57,1085761,41877867.05,2648,329858,30.38,2018,11,0.02,Slight
IDFC,EQ,2018-11-22,38.80,39,41.25,38.10,39.90,40.05,39.97,10782750,430942949.75,24189,2042343,18.94,2018,11,0.03,Slight
IDFC,EQ,2018-11-26,40.05,40.50,41.25,39.80,40.35,40.50,40.55,4306661,174617368.15,10962,799999,18.58,2018,11,0.01,Slight
IDFC,EQ,2018-11-27,40.50,40.35,41.40,40.35,41.35,41.25,41.06,3209127,131762956.60,9229,1103731,34.39,2018,11,0.02,Slight
IDFC,EQ,2018-11-28,41.25,41.50,42.30,40.70,41.15,41.35,41.46,5850107,242563202.75,12969,2087762,35.69,2018,11,0.00,Slight
IDFC,EQ,2018-11-29,41.35,41.45,41.45,40.05,40.35,40.50,40.54,3633795,147311857.50,10849,1204566,33.15,2018,11,-0.02,Slight
IDFC,EQ,2018-11-30,40.50,40.80,41.15,39.70,41.10,40.95,40.49,2863847,115957094.55,9521,810905,28.32,2018,11,0.01,Slight
IDFC,EQ,2018-12-03,40.95,40.80,41.75,40.55,40.95,40.90,41.18,1760204,72480314.15,5266,541629,30.77,2018,12,-0.00,Slight
IDFC,EQ,2018-12-04,40.90,40.90,42.20,40.75,41.05,41.05,41.48,2758684,114431331.10,11210,419229,15.20,2018,12,0.00,Slight
IDFC,EQ,2018-12-05,41.05,40.95,41,38.55,38.75,38.80,39.46,3093525,122065041.35,8826,903957,29.22,2018,12,-0.05,Slight
IDFC,EQ,2018-12-06,38.80,38.75,39.20,37.55,37.70,37.85,38.14,2923604,111499395.90,11184,836226,28.60,2018,12,-0.02,Slight
IDFC,EQ,2018-12-07,37.85,37.90,38.25,37.40,37.80,37.80,37.66,2962760,111574567.95,4874,1411498,47.64,2018,12,-0.00,Slight
IDFC,EQ,2018-12-10,37.80,37.40,37.50,36.55,37,37.05,37.09,1617901,60002137.60,5826,434913,26.88,2018,12,-0.02,Slight
IDFC,EQ,2018-12-11,37.05,36.50,37.50,36.50,37.25,37.25,37.03,2461079,91144842.10,4438,981646,39.89,2018,12,0.01,Slight
IDFC,EQ,2018-12-12,37.25,37.50,39.10,37.50,38.70,38.75,38.49,1991579,76654701,5496,642882,32.28,2018,12,0.04,Slight
IDFC,EQ,2018-12-13,38.75,39,40.40,39,40.05,40.10,39.72,3521105,139847393.85,8434,737449,20.94,2018,12,0.03,Slight
IDFC,EQ,2018-12-14,40.10,39.90,40.25,39.20,39.60,39.65,39.68,1849633,73395649.60,4822,503877,27.24,2018,12,-0.01,Slight
IDFC,EQ,2018-12-17,39.65,39.75,40.60,39.35,39.90,39.95,40.15,2395330,96178272.25,4682,908939,37.95,2018,12,0.01,Slight
IDFC,EQ,2018-12-18,39.95,39.95,41.30,39.55,41.30,41.15,40.83,3550502,144969997.85,8461,581739,16.38,2018,12,0.03,Slight
IDFC,EQ,2018-12-19,41.15,42,42.60,40.85,41.90,41.90,41.72,7342717,306346254.90,15489,1403472,19.11,2018,12,0.02,Slight
IDFC,EQ,2018-12-20,41.90,41.60,44.95,41.30,44.15,44,43.47,7724128,335805756.45,17239,1477648,19.13,2018,12,0.05,Slight
IDFC,EQ,2018-12-21,44,44.25,44.50,42.65,42.85,42.90,43.45,4509452,195943033.30,11260,854294,18.94,2018,12,-0.03,Slight
IDFC,EQ,2018-12-24,42.90,42.90,43.90,42.30,43.30,43.20,43.30,3047812,131958674.20,8771,549033,18.01,2018,12,0.01,Slight
IDFC,EQ,2018-12-26,43.20,43.15,43.65,42,43.40,43.45,43.09,3437635,148117716.80,10113,623045,18.12,2018,12,0.01,Slight
IDFC,EQ,2018-12-27,43.45,43.50,44.05,42.50,42.75,42.85,43.37,4107116,178130403.20,5859,1047390,25.50,2018,12,-0.01,Slight
IDFC,EQ,2018-12-28,42.85,43.40,43.75,42.90,43.45,43.40,43.45,3433418,149172033.10,6412,653595,19.04,2018,12,0.01,Slight
IDFC,EQ,2018-12-31,43.40,43.70,43.95,43.40,43.60,43.60,43.64,2011877,87795805.55,3421,404439,20.10,2018,12,0.00,Slight
IDFC,EQ,2019-01-01,43.60,43.30,43.90,43.15,43.50,43.45,43.45,1293347,56194186.40,2726,183744,14.21,2019,1,-0.00,Slight
IDFC,EQ,2019-01-02,43.45,43.20,43.75,42,42.15,42.15,42.93,2402002,103106364.55,5715,604234,25.16,2019,1,-0.03,Slight
IDFC,EQ,2019-01-03,42.15,42.50,43.10,42.05,42.15,42.30,42.47,2857887,121379989.15,17322,887476,31.05,2019,1,0.00,Slight
IDFC,EQ,2019-01-04,42.30,42.55,43.85,41.55,43.30,43.45,42.57,5244011,223235189.25,32365,1490024,28.41,2019,1,0.03,Slight
IDFC,EQ,2019-01-07,43.45,43.50,45.45,43.45,44.25,44.45,44.78,7351139,329205077.35,26321,2050041,27.89,2019,1,0.02,Slight
IDFC,EQ,2019-01-08,44.45,44.55,44.60,43.55,44,43.95,43.98,2608629,114738777.20,7332,576861,22.11,2019,1,-0.01,Slight
IDFC,EQ,2019-01-09,43.95,44.05,44.35,42.55,42.90,43.20,43.36,4085298,177157900.20,12910,1362372,33.35,2019,1,-0.02,Slight
IDFC,EQ,2019-01-10,43.20,43.30,43.75,42.70,42.90,42.95,43.12,3688826,159074177.10,10007,1468421,39.81,2019,1,-0.01,Slight
IDFC,EQ,2019-01-11,42.95,43.10,43.25,41.75,41.90,42,42.25,4848665,204842565.05,14618,1804748,37.22,2019,1,-0.02,Slight
IDFC,EQ,2019-01-14,42,42.40,42.90,41.45,42.85,42.75,42.22,2587556,109251969.80,6234,660103,25.51,2019,1,0.02,Slight
IDFC,EQ,2019-01-15,42.75,42.85,43.30,42.65,43.25,42.95,42.93,1707229,73291633.10,3842,510000,29.87,2019,1,0.00,Slight
IDFC,EQ,2019-01-16,42.95,43.45,44.30,42.95,43.75,43.75,43.72,3845952,168136696,9119,767802,19.96,2019,1,0.02,Slight
IDFC,EQ,2019-01-17,43.75,44,44.35,42.90,43.55,43.60,43.70,2515030,109901736.15,6170,582398,23.16,2019,1,-0.00,Slight
IDFC,EQ,2019-01-18,43.60,44.30,44.30,42.80,43,43.15,43.24,2503090,108243864.95,4951,624689,24.96,2019,1,-0.01,Slight
IDFC,EQ,2019-01-21,43.15,43.05,43.65,41.85,41.90,42.05,42.53,2412081,102596615.65,4630,677112,28.07,2019,1,-0.03,Slight
IDFC,EQ,2019-01-22,42.05,41.70,42.75,41.35,42.20,42.40,41.98,2048012,85975409.20,4776,446737,21.81,2019,1,0.01,Slight
IDFC,EQ,2019-01-23,42.40,42.25,42.95,42.20,42.60,42.50,42.58,1807858,76974881.65,3961,413981,22.90,2019,1,0.00,Slight
IDFC,EQ,2019-01-24,42.50,42.60,42.75,42.20,42.30,42.45,42.43,1053049,44679221.55,2666,292627,27.79,2019,1,-0.00,Slight
IDFC,EQ,2019-01-25,42.45,42.35,43.10,40.50,40.80,40.80,41.73,6941009,289672943.60,10533,3271758,47.14,2019,1,-0.04,Slight
IDFC,EQ,2019-01-28,40.80,40.60,40.75,39.70,39.75,39.95,40.01,2550938,102058682.70,7556,902897,35.39,2019,1,-0.02,Slight
IDFC,EQ,2019-01-29,39.95,39.50,40.45,38.95,39.25,39.10,39.46,5458668,215384670.60,5939,3140441,57.53,2019,1,-0.02,Slight
IDFC,EQ,2019-01-30,39.10,39.35,39.55,38.50,38.65,38.70,38.83,1664668,64632441,5900,655916,39.40,2019,1,-0.01,Slight
IDFC,EQ,2019-01-31,38.70,38.80,39.90,38.20,39.75,39.60,39.16,3827805,149888434.30,7126,1135707,29.67,2019,1,0.02,Slight
IDFC,EQ,2019-02-01,39.60,39.75,39.85,38.35,38.75,38.60,39.01,3261181,127210421.15,7838,852494,26.14,2019,2,-0.03,Slight
IDFC,EQ,2019-02-04,38.60,39,39,36.40,36.90,36.90,37.12,3636501,134978952.80,8058,963800,26.50,2019,2,-0.04,Slight
IDFC,EQ,2019-02-05,36.90,36.70,37.75,36,36.60,36.75,36.80,3115064,114633536.75,6059,645475,20.72,2019,2,-0.00,Slight
IDFC,EQ,2019-02-06,36.75,36.55,37,35.05,36.95,36.95,36.24,3856286,139733602.70,7547,1030124,26.71,2019,2,0.01,Slight
IDFC,EQ,2019-02-07,36.95,37.40,38.45,36.45,38.15,38.20,37.50,5941342,222791225.35,12254,1517675,25.54,2019,2,0.03,Slight
IDFC,EQ,2019-02-08,38.20,37.95,38.20,37.10,37.45,37.55,37.62,3435942,129275586.55,10676,800673,23.30,2019,2,-0.02,Slight
IDFC,EQ,2019-02-11,37.55,38.50,38.50,36.90,37.25,37.35,37.36,10455201,390656775.95,32805,2785507,26.64,2019,2,-0.01,Slight
IDFC,EQ,2019-02-12,37.35,37.50,37.55,35.40,35.95,35.70,36.28,5060308,183608596.40,12017,1900679,37.56,2019,2,-0.04,Slight
IDFC,EQ,2019-02-13,35.70,35.85,36.35,34.85,34.90,35.20,35.54,5152821,183126806.95,11795,1998828,38.79,2019,2,-0.01,Slight
IDFC,EQ,2019-02-14,35.20,35.10,35.85,34.45,35.45,35.45,35.03,4828455,169156651.95,12328,2014053,41.71,2019,2,0.01,Slight
IDFC,EQ,2019-02-15,35.45,35.75,36.15,34.50,35.10,35.20,35.26,5101985,179901487.10,15981,1838765,36.04,2019,2,-0.01,Slight
IDFC,EQ,2019-02-18,35.20,35.15,36.20,34.60,35.05,35.10,35.52,2829180,100478503.35,8797,752367,26.59,2019,2,-0.00,Slight
IDFC,EQ,2019-02-19,35.10,35,35.55,31.60,35.15,35.05,35.09,2538983,89100317.35,5701,720722,28.39,2019,2,-0.00,Slight
IDFC,EQ,2019-02-20,35.05,34.55,36.10,34.55,35.85,35.65,35.54,6371919,226456479.50,13445,2994972,47,2019,2,0.02,Slight
IDFC,EQ,2019-02-21,35.65,35.50,36.30,35.40,36.20,36.10,35.87,3363781,120646427.35,17768,1485144,44.15,2019,2,0.01,Slight
IDFC,EQ,2019-02-22,36.10,36.80,37.35,36,37.15,37.15,36.90,5807252,214264692.80,25682,2205138,37.97,2019,2,0.03,Slight
IDFC,EQ,2019-02-25,37.15,37,37.55,36.80,37.40,37.40,37.24,3208036,119454260.95,15686,1232351,38.41,2019,2,0.01,Slight
IDFC,EQ,2019-02-26,37.40,37.40,37.40,36.60,37.05,37.05,37.04,5565557,206140938.70,21350,2739241,49.22,2019,2,-0.01,Slight
IDFC,EQ,2019-02-27,37.05,37.20,37.90,37.05,37.20,37.35,37.51,5131399,192481380.30,10366,2335873,45.52,2019,2,0.01,Slight
IDFC,EQ,2019-02-28,37.35,37.80,37.80,36.25,36.80,36.55,36.89,6084791,224491427.55,11055,2770935,45.54,2019,2,-0.02,Slight
IDFC,EQ,2019-03-01,36.55,36.85,40.40,36.85,40.10,40.15,39.14,8920229,349152580.15,15219,2026397,22.72,2019,3,0.10,Slight
IDFC,EQ,2019-03-05,40.15,40.10,41.80,40.10,41.70,41.55,41,6799514,278779643.85,17947,1907499,28.05,2019,3,0.03,Slight
IDFC,EQ,2019-03-06,41.55,41.55,42.30,40.45,41.15,40.85,41.25,5692725,234851191.70,16124,1870816,32.86,2019,3,-0.02,Slight
IDFC,EQ,2019-03-07,40.85,40.40,41.30,39.80,39.95,40,40.48,6867056,277948689.30,10323,2329473,33.92,2019,3,-0.02,Slight
IDFC,EQ,2019-03-08,40,39.90,40.40,39,39.20,39.20,39.42,3912203,154209374.15,7611,1430088,36.55,2019,3,-0.02,Slight
IDFC,EQ,2019-03-11,39.20,39.90,41.90,39.45,41.60,41.35,41.25,8182864,337517195.05,15401,2707891,33.09,2019,3,0.05,Slight
IDFC,EQ,2019-03-12,41.35,41.50,42.40,41.45,41.90,42.05,41.88,6831642,286075254.50,10653,2709810,39.67,2019,3,0.02,Slight
IDFC,EQ,2019-03-13,42.05,42,42.50,40.90,41.60,41.35,41.66,7392616,308009220.55,8236,1706600,23.09,2019,3,-0.02,Slight
IDFC,EQ,2019-03-14,41.35,41.40,42.25,41.15,42.20,41.95,41.73,3418739,142661344.40,6280,1072420,31.37,2019,3,0.01,Slight
IDFC,EQ,2019-03-15,41.95,42.55,45.25,42.10,43.95,44.30,44.26,21880421,968354297.40,36638,8307214,37.97,2019,3,0.06,Slight
IDFC,EQ,2019-03-18,44.30,44.50,44.85,42.85,43.60,43.55,43.84,7186175,315042798.75,27416,2217285,30.85,2019,3,-0.02,Slight
IDFC,EQ,2019-03-19,43.55,44.05,45.35,43.65,44.70,44.80,44.65,5823008,260026030.75,26194,2052895,35.25,2019,3,0.03,Slight
IDFC,EQ,2019-03-20,44.80,44.50,44.80,43.80,44.50,44.50,44.33,3578606,158650760.75,8418,1268017,35.43,2019,3,-0.01,Slight
IDFC,EQ,2019-03-22,44.50,44.50,44.90,43.40,43.65,43.70,44.14,3359735,148288797.30,7440,978340,29.12,2019,3,-0.02,Slight
IDFC,EQ,2019-03-25,43.70,43.85,43.90,42.80,43,42.95,43.29,3423091,148185373.60,6083,1280369,37.40,2019,3,-0.02,Slight
IDFC,EQ,2019-03-26,42.95,43,44.90,43,44.90,44.75,44.39,6551173,290806692.60,16282,1709214,26.09,2019,3,0.04,Slight
IDFC,EQ,2019-03-27,44.75,45,46.95,44.60,46.20,46.25,45.87,12734546,584074153.25,28126,4599860,36.12,2019,3,0.03,Slight
IDFC,EQ,2019-03-28,46.25,46.20,47.45,45.85,47.30,46.90,46.73,12206959,570460966.80,23548,5476328,44.86,2019,3,0.01,Slight
IDFC,EQ,2019-03-29,46.90,47.10,48.10,46.30,46.40,46.55,47.13,7553360,355975547.95,15915,2966744,39.28,2019,3,-0.01,Slight
IDFC,EQ,2019-04-01,46.55,47.40,47.40,46.35,46.70,46.60,46.93,2902830,136233622.55,6637,605815,20.87,2019,4,0.00,Slight
IDFC,EQ,2019-04-02,46.60,47,47.35,45.55,46.15,46.15,46.41,3229923,149901066.95,7123,623312,19.30,2019,4,-0.01,Slight
IDFC,EQ,2019-04-03,46.15,46.25,46.65,45.25,45.25,45.50,46.01,3648491,167881858.60,7209,725371,19.88,2019,4,-0.01,Slight
IDFC,EQ,2019-04-04,45.50,45.50,47.40,45.10,46.15,46.30,46.46,5764009,267777175.45,9274,965444,16.75,2019,4,0.02,Slight
IDFC,EQ,2019-04-05,46.30,46.55,46.85,45.85,46.75,46.55,46.40,3806248,176609605.55,6874,1013512,26.63,2019,4,0.01,Slight
IDFC,EQ,2019-04-08,46.55,46.45,47.25,46,46.35,46.30,46.69,5116304,238857605.30,10084,2125840,41.55,2019,4,-0.01,Slight
IDFC,EQ,2019-04-09,46.30,46.50,47,45.40,46.95,46.85,46.14,3347032,154445408.50,6586,807944,24.14,2019,4,0.01,Slight
IDFC,EQ,2019-04-10,46.85,46.55,47.70,46.50,46.65,46.70,47.04,3400749,159967527.80,8821,728091,21.41,2019,4,-0.00,Slight
IDFC,EQ,2019-04-11,46.70,46.60,47.10,45.50,45.95,45.95,46.24,3550221,164152434.30,9187,605474,17.05,2019,4,-0.02,Slight
IDFC,EQ,2019-04-12,45.95,45.95,47.15,45.95,46.90,46.85,46.49,2794471,129913759.60,5271,561295,20.09,2019,4,0.02,Slight
IDFC,EQ,2019-04-15,46.85,47,47.35,46.50,46.65,46.70,46.91,1562878,73313532.70,4670,363351,23.25,2019,4,-0.00,Slight
IDFC,EQ,2019-04-16,46.70,46.70,47.10,46.15,46.45,46.30,46.50,1301226,60501908.80,5288,282542,21.71,2019,4,-0.01,Slight
IDFC,EQ,2019-04-18,46.30,46.50,46.90,45.25,45.40,45.45,45.89,2016212,92516159.90,4669,476943,23.66,2019,4,-0.02,Slight
IDFC,EQ,2019-04-22,45.45,45.45,45.80,43.15,43.25,43.30,44.08,3446608,151940642,7292,752391,21.83,2019,4,-0.05,Slight
IDFC,EQ,2019-04-23,43.30,43,43.85,41.75,41.85,41.90,42.37,4155007,176067866,7654,1112920,26.79,2019,4,-0.03,Slight
IDFC,EQ,2019-04-24,41.90,42.40,42.70,41.65,42.60,42.40,42.27,3574307,151088788.55,9047,957013,26.77,2019,4,0.01,Slight
IDFC,EQ,2019-04-25,42.40,42.85,43.60,42.50,43,43.25,43.05,3244512,139679044.10,5872,771405,23.78,2019,4,0.02,Slight
IDFC,EQ,2019-04-26,43.25,42.75,43.25,41.30,41.45,41.60,42.13,5358399,225748575.40,11995,2068654,38.61,2019,4,-0.04,Slight
IDFC,EQ,2019-04-30,41.60,41.25,41.60,38.95,39.90,40.15,40,8318627,332729335.95,16086,4523085,54.37,2019,4,-0.03,Slight
IDFC,EQ,2019-05-02,40.15,40,40.60,38.95,39.25,39.10,39.68,4057293,161000817.30,7290,1333439,32.87,2019,5,-0.03,Slight
IDFC,EQ,2019-05-03,39.10,39.10,39.85,38.70,39,39.05,39.23,4204580,164960484.40,10298,1491227,35.47,2019,5,-0.00,Slight
IDFC,EQ,2019-05-06,39.05,38.70,38.95,37.50,37.65,37.75,38.19,4005538,152951743,7046,2003219,50.01,2019,5,-0.03,Slight
IDFC,EQ,2019-05-07,37.75,38,38.60,36.90,37.15,37.10,37.72,3697713,139483685.10,6148,1609390,43.52,2019,5,-0.02,Slight
IDFC,EQ,2019-05-08,37.10,37,38.65,36.85,37.55,37.60,37.90,7364218,279101416.45,11206,2871606,38.99,2019,5,0.01,Slight
IDFC,EQ,2019-05-09,37.60,37.90,38.10,36.95,37.45,37.60,37.57,7376399,277103832.65,8362,3335703,45.22,2019,5,0,Slight
IDFC,EQ,2019-05-10,37.60,37.60,38.20,37.25,38.10,38.10,37.81,2626094,99292098.70,8188,563859,21.47,2019,5,0.01,Slight
IDFC,EQ,2019-05-13,38.10,37.80,37.80,34.35,34.90,34.75,35.64,16211123,577724357.55,21287,7776099,47.97,2019,5,-0.09,Slight
